memory_initialization_radix=16;
memory_initialization_vector=
00000000000000000000000000000000000000000000000000000000000000000000BB602D8F370CFFFFF6BEB294883BFFFF51D06F8B9684000100000000000000000001FFC000000000000000000000000000000000000000000040000000000020000000000000000000000000000000000000000000000000000000000000,
0000000000000008000000000000000000000000000000000000000000000000FFFFAE56593CD932FFFFC69C4F37C9F8FFFF1442642FE066000100000000000000000001FFC000000000000000000000000000000000000000000040000000000020000000000000000000000000000000000000000000000000000000000000,
00000000000000100000000000000000000000000000000000000000000000000000EECED677A0C8000059A7B5B25615000015A66026760E000100000000000000000001FFC000000000000000000000000000000000000000000040000000000020000000000000000000000000000000000000000000000000000000000000,
0000000000000018000000000000000000000000000000000000000000000000FFFF24F3A96FCC5000007219AB5CDA3B00004357AFE60856000100000000000000000001FFC000000000000000000000000000000000000000000040000000000020000000000000000000000000000000000000000000000000000000000000,
000000000000002000000000000000000000000000000000000000000000000000009B3445D1B57DFFFF985E4C44690F0000AF3CC52EDEC1000100000000000000000001FFC000000000000000000000000000000000000000000040000000000020000000000000000000000000000000000000000000000000000000000000,
0000000000000028000000000000000000000000000000000000000000000000FFFF728231A86DE4FFFF2E5094361E80FFFFD8A6E0580A1A000100000000000000000001FFC000000000000000000000000000000000000000000040000000000020000000000000000000000000000000000000000000000000000000000000,
0000000000000030000000000000000000000000000000000000000000000000FFFFB732B3DA479100006C04FE7D61D20000DC61770A3A8F000100000000000000000001FFC000000000000000000000000000000000000000000040000000000020000000000000000000000000000000000000000000000000000000000000,
0000000000000038000000000000000000000000000000000000000000000000FFFF2E4B0E1AA8F500004BFD423B3067FFFF825CE78DA587000100000000000000000001FFC000000000000000000000000000000000000000000040000000000020000000000000000000000000000000000000000000000000000000000000,
0000000000000040000000000000000000000000000000000000000000000000FFFFB9E6974ED226FFFF3BAA8922348700009493B449A96D000100000000000000000001FFC000000000000000000000000000000000000000000040000000000020000000000000000000000000000000000000000000000000000000000000,
0000000000000048000000000000000000000000000000000000000000000000FFFFC4BEBBA3B0DF0000F74A6ACCE5F200001D884D7B549E000100000000000000000001FFC000000000000000000000000000000000000000000040000000000020000000000000000000000000000000000000000000000000000000000000,
0000000000000050000000000000000000000000000000000000000000000000FFFF6141144AD218FFFFA9AEA84B18CDFFFF4AA86040007B000100000000000000000001FFC000000000000000000000000000000000000000000040000000000020000000000000000000000000000000000000000000000000000000000000,
0000000000000058000000000000000000000000000000000000000000000000000099CC38701BCE0000C9F71F9938C20000210CA61CBC03000100000000000000000001FFC000000000000000000000000000000000000000000040000000000020000000000000000000000000000000000000000000000000000000000000,
00000000000000600000000000000000000000000000000000000000000000000000B57883782C3E000016D93A924FC5FFFF4CE27873152A000100000000000000000001FFC000000000000000000000000000000000000000000040000000000020000000000000000000000000000000000000000000000000000000000000,
0000000000000068000000000000000000000000000000000000000000000000FFFF9E5DEE034B97FFFF14FE7BB8962B00001BDB50A6FF4C000100000000000000000001FFC000000000000000000000000000000000000000000040000000000020000000000000000000000000000000000000000000000000000000000000,
00000000000000700000000000000000000000000000000000000000000000000000E0F370B80AE9FFFF940C2F236408FFFFC6BBFF291635000100000000000000000001FFC000000000000000000000000000000000000000000040000000000020000000000000000000000000000000000000000000000000000000000000,
00000000000000780000000000000000000000000000000000000000000000000000487C26FD2C540000B6C45CC5755FFFFF5C0DF18139B8000100000000000000000001FFC000000000000000000000000000000000000000000040000000000020000000000000000000000000000000000000000000000000000000000000,
0000000000000080000000000000000000000000000000000000000000000000FFFFF49CFDE60E4D0000FF7494FA0CAFFFFFF3CC5D853A4C000100000000000000000001FFC000000000000000000000000000000000000000000040000000000020000000000000000000000000000000000000000000000000000000000000,
0000000000000088000000000000000000000000000000000000000000000000000046AA5AA4FB71FFFFF987E6F5C9F90000F5F7F53A99FC000100000000000000000001FFC000000000000000000000000000000000000000000040000000000020000000000000000000000000000000000000000000000000000000000000,
0000000000000090000000000000000000000000000000000000000000000000FFFFA5BEF06F06CBFFFF5BAB26920777FFFF51AF9E78D460000100000000000000000001FFC000000000000000000000000000000000000000000040000000000020000000000000000000000000000000000000000000000000000000000000,
0000000000000098000000000000000000000000000000000000000000000000000071C045E8383FFFFF482690C3DFF20000891951E6FDAF000100000000000000000001FFC000000000000000000000000000000000000000000040000000000020000000000000000000000000000000000000000000000000000000000000,
00000000000000A00000000000000000000000000000000000000000000000000000846908FB72A800008D0E59F6CCE3FFFF5859767F52AC000100000000000000000001FFC000000000000000000000000000000000000000000040000000000020000000000000000000000000000000000000000000000000000000000000,
00000000000000A80000000000000000000000000000000000000000000000000000B087D7A16EABFFFF601992904698FFFFA22A660E1A2A000100000000000000000001FFC000000000000000000000000000000000000000000040000000000020000000000000000000000000000000000000000000000000000000000000,
00000000000000B0000000000000000000000000000000000000000000000000FFFF25D955502D0100007BC0557FBFD9FFFFCCB314DD3882000100000000000000000001FFC000000000000000000000000000000000000000000040000000000020000000000000000000000000000000000000000000000000000000000000,
00000000000000B8000000000000000000000000000000000000000000000000FFFF00410F6E36E5000007F72F58511E00000829468B1497000100000000000000000001FFC000000000000000000000000000000000000000000040000000000020000000000000000000000000000000000000000000000000000000000000,
00000000000000C0000000000000000000000000000000000000000000000000000008179D36BE7FFFFF5C972EA465A7FFFF3B1ABB55278C000100000000000000000001FFC000000000000000000000000000000000000000000040000000000020000000000000000000000000000000000000000000000000000000000000,
00000000000000C8000000000000000000000000000000000000000000000000000028396C8A32C30000AF24DB70BC8DFFFF49ACAB1350A5000100000000000000000001FFC000000000000000000000000000000000000000000040000000000020000000000000000000000000000000000000000000000000000000000000,
00000000000000D0000000000000000000000000000000000000000000000000FFFF58D0C3137E69FFFF8CF77FE2B4FCFFFF63F24D64436F000100000000000000000001FFC000000000000000000000000000000000000000000040000000000020000000000000000000000000000000000000000000000000000000000000,
00000000000000D800000000000000000000000000000000000000000000000000007A37C2B5F795FFFF736A53F3BD430000AF9929A7C3AF000100000000000000000001FFC000000000000000000000000000000000000000000040000000000020000000000000000000000000000000000000000000000000000000000000,
00000000000000E0000000000000000000000000000000000000000000000000FFFF089685C694ACFFFFC001F179BA5900000F1BBF29F162000100000000000000000001FFC000000000000000000000000000000000000000000040000000000020000000000000000000000000000000000000000000000000000000000000,
00000000000000E80000000000000000000000000000000000000000000000000000BE87DDE370900000AA23B4811132000010EDE5E6EA5D000100000000000000000001FFC000000000000000000000000000000000000000000040000000000020000000000000000000000000000000000000000000000000000000000000,
00000000000000F0000000000000000000000000000000000000000000000000000020C35EFE391AFFFF95A2984378370000E68A7622B316000100000000000000000001FFC000000000000000000000000000000000000000000040000000000020000000000000000000000000000000000000000000000000000000000000,
00000000000000F8000000000000000000000000000000000000000000000000FFFF272FB6B2F7BBFFFFB4D7E26FF0ADFFFF8E834C797E90000100000000000000000001FFC000000000000000000000000000000000000000000040000000000020000000000000000000000000000000000000000000000000000000000000,
00000000000001000000000000000000000000000000000000000000000000000000EAEA4FF732820000040B14870E45FFFF9A5768EE04A7000100000000000000000001FFC000000000000000000000000000000000000000000040000000000020000000000000000000000000000000000000000000000000000000000000,
0000000000000108000000000000000000000000000000000000000000000000000029BC22FB086A00007BA9F62357C5FFFF23C503BC7AC6000100000000000000000001FFC000000000000000000000000000000000000000000040000000000020000000000000000000000000000000000000000000000000000000000000,
0000000000000110000000000000000000000000000000000000000000000000FFFFA2F7B5D2A24E0000382DFC042A77FFFF1836BE0188F2000100000000000000000001FFC000000000000000000000000000000000000000000040000000000020000000000000000000000000000000000000000000000000000000000000,
0000000000000118000000000000000000000000000000000000000000000000FFFF7AE9CAF88F11000056726FD6D6810000C8E00AA03CF0000100000000000000000001FFC000000000000000000000000000000000000000000040000000000020000000000000000000000000000000000000000000000000000000000000,
0000000000000120000000000000000000000000000000000000000000000000FFFFB509D3CD2406FFFF37104CB0EF8400008BCA55D22E0E000100000000000000000001FFC000000000000000000000000000000000000000000040000000000020000000000000000000000000000000000000000000000000000000000000,
0000000000000128000000000000000000000000000000000000000000000000000086DE1E48DD03000004C7FC200BDBFFFF2675A39331D8000100000000000000000001FFC000000000000000000000000000000000000000000040000000000020000000000000000000000000000000000000000000000000000000000000,
0000000000000130000000000000000000000000000000000000000000000000FFFF9668C5C997C4FFFF355C258740A5FFFF8C927354860D000100000000000000000001FFC000000000000000000000000000000000000000000040000000000020000000000000000000000000000000000000000000000000000000000000,
0000000000000138000000000000000000000000000000000000000000000000FFFFB6C9C4C1EC8800008459BEEF19F00000CE8A99AD1F80000100000000000000000001FFC000000000000000000000000000000000000000000040000000000020000000000000000000000000000000000000000000000000000000000000,
00000000000001400000000000000000000000000000000000000000000000000000468EDE69681BFFFF3598DECCB7DDFFFF74088E40E9B4000100000000000000000001FFC000000000000000000000000000000000000000000040000000000020000000000000000000000000000000000000000000000000000000000000,
0000000000000148000000000000000000000000000000000000000000000000FFFFFCDF0428E237FFFF054AC1DABF86000033B04D26104C000100000000000000000001FFC000000000000000000000000000000000000000000040000000000020000000000000000000000000000000000000000000000000000000000000,
000000000000015000000000000000000000000000000000000000000000000000008865E4224D460000C76DCE27E10E0000549D6BA69876000100000000000000000001FFC000000000000000000000000000000000000000000040000000000020000000000000000000000000000000000000000000000000000000000000,
0000000000000158000000000000000000000000000000000000000000000000FFFF06B97BA280500000168BA0412F10000035C0ECAB6C75000100000000000000000001FFC000000000000000000000000000000000000000000040000000000020000000000000000000000000000000000000000000000000000000000000,
0000000000000160000000000000000000000000000000000000000000000000FFFFD3E46FFEE2AEFFFF9A9FDFC78FCEFFFF191A502CFAB9000100000000000000000001FFC000000000000000000000000000000000000000000040000000000020000000000000000000000000000000000000000000000000000000000000,
0000000000000168000000000000000000000000000000000000000000000000FFFFEE0273FF0247FFFF18F296688D1900006CC0AD0C9031000100000000000000000001FFC000000000000000000000000000000000000000000040000000000020000000000000000000000000000000000000000000000000000000000000,
0000000000000170000000000000000000000000000000000000000000000000FFFF7EAE9BA1DFD80000DA78FB5E533F000020E723F528A4000100000000000000000001FFC000000000000000000000000000000000000000000040000000000020000000000000000000000000000000000000000000000000000000000000,
000000000000017800000000000000000000000000000000000000000000000000000EEC9BC02E8DFFFFE867A953B25D0000FE791A96D3F1000100000000000000000001FFC000000000000000000000000000000000000000000040000000000020000000000000000000000000000000000000000000000000000000000000,
0000000000000180000000000000000000000000000000000000000000000000FFFFA06D17C3319FFFFF64DFDAF0C7B40000B3D3AC9E5745000100000000000000000001FFC000000000000000000000000000000000000000000040000000000020000000000000000000000000000000000000000000000000000000000000,
00000000000001880000000000000000000000000000000000000000000000000000472E5117A2F0FFFF3A3AEF7DA967000092236481C07D000100000000000000000001FFC000000000000000000000000000000000000000000040000000000020000000000000000000000000000000000000000000000000000000000000,
000000000000019000000000000000000000000000000000000000000000000000004FC6D0801917FFFF11A784C9EA22FFFFCF63866B14E2000100000000000000000001FFC000000000000000000000000000000000000000000040000000000020000000000000000000000000000000000000000000000000000000000000,
00000000000001980000000000000000000000000000000000000000000000000000CB78643DA2A600008D54E8BA822100004081E3F32F49000100000000000000000001FFC000000000000000000000000000000000000000000040000000000020000000000000000000000000000000000000000000000000000000000000,
00000000000001A0000000000000000000000000000000000000000000000000FFFF52863F6F4DD8FFFFAE42C4E30C2E0000A997285D9005000100000000000000000001FFC000000000000000000000000000000000000000000040000000000020000000000000000000000000000000000000000000000000000000000000,
00000000000001A8000000000000000000000000000000000000000000000000FFFF0FB1A05729FC000047FAD9762792000033112FD96678000100000000000000000001FFC000000000000000000000000000000000000000000040000000000020000000000000000000000000000000000000000000000000000000000000,
00000000000001B0000000000000000000000000000000000000000000000000FFFF61EDB9DC2E6800009F28816F048900007B5C95465B36000100000000000000000001FFC000000000000000000000000000000000000000000040000000000020000000000000000000000000000000000000000000000000000000000000,
00000000000001B8000000000000000000000000000000000000000000000000FFFF7D7E51EA4501FFFFACEA59DFA6ECFFFF34096AEA3D9D000100000000000000000001FFC000000000000000000000000000000000000000000040000000000020000000000000000000000000000000000000000000000000000000000000,
00000000000001C0000000000000000000000000000000000000000000000000000045CD95442249000034D31C0741C30000F09179C1E55E000100000000000000000001FFC000000000000000000000000000000000000000000040000000000020000000000000000000000000000000000000000000000000000000000000,
00000000000001C8000000000000000000000000000000000000000000000000FFFF74323404F740FFFF4AC976FE4A94FFFF8D50928B854C000100000000000000000001FFC000000000000000000000000000000000000000000040000000000020000000000000000000000000000000000000000000000000000000000000,
00000000000001D0000000000000000000000000000000000000000000000000FFFF1D4210D566A0FFFF8C973297C2B9FFFFE3A1AAFFC982000100000000000000000001FFC000000000000000000000000000000000000000000040000000000020000000000000000000000000000000000000000000000000000000000000,
00000000000001D8000000000000000000000000000000000000000000000000FFFFCFD029410E0FFFFF177E8246389A00005FAE9F0B8EF8000100000000000000000001FFC000000000000000000000000000000000000000000040000000000020000000000000000000000000000000000000000000000000000000000000,
00000000000001E000000000000000000000000000000000000000000000000000000FCB2EB19A24FFFF9D59F0461ED50000EBB379D565D1000100000000000000000001FFC000000000000000000000000000000000000000000040000000000020000000000000000000000000000000000000000000000000000000000000,
00000000000001E80000000000000000000000000000000000000000000000000000F479979524B4FFFFB422362F46EC000003814502ADD6000100000000000000000001FFC000000000000000000000000000000000000000000040000000000020000000000000000000000000000000000000000000000000000000000000,
00000000000001F00000000000000000000000000000000000000000000000000000489674B28C2CFFFF76202283864AFFFF34E154D9699D000100000000000000000001FFC000000000000000000000000000000000000000000040000000000020000000000000000000000000000000000000000000000000000000000000,
00000000000001F8000000000000000000000000000000000000000000000000FFFFD89C74CD2CEB0000FCDDC663210AFFFFF96E6312B08E000100000000000000000001FFC000000000000000000000000000000000000000000040000000000020000000000000000000000000000000000000000000000000000000000000,
0000000000000200000000000000000000000000000000000000000000000000FFFF797D072160740000D05F5B10FC3C00003F6E6C58A6A2000100000000000000000001FFC000000000000000000000000000000000000000000040000000000020000000000000000000000000000000000000000000000000000000000000,
00000000000002080000000000000000000000000000000000000000000000000000BDDC45AD2D31000059AD7F8AA88F000092729A5133DF000100000000000000000001FFC000000000000000000000000000000000000000000040000000000020000000000000000000000000000000000000000000000000000000000000,
00000000000002100000000000000000000000000000000000000000000000000000EFFCF9C1431E0000591DB386607DFFFFFFED0E414283000100000000000000000001FFC000000000000000000000000000000000000000000040000000000020000000000000000000000000000000000000000000000000000000000000,
0000000000000218000000000000000000000000000000000000000000000000FFFF8522064BD2A4FFFF24D24D78D327FFFFCF0168B7B402000100000000000000000001FFC000000000000000000000000000000000000000000040000000000020000000000000000000000000000000000000000000000000000000000000,
0000000000000220000000000000000000000000000000000000000000000000FFFF059A7569E76A00001420F4151E6F00003151A39CCBB2000100000000000000000001FFC000000000000000000000000000000000000000000040000000000020000000000000000000000000000000000000000000000000000000000000,
0000000000000228000000000000000000000000000000000000000000000000FFFFA50C0045409CFFFF2646A479099AFFFF9CB421E9E094000100000000000000000001FFC000000000000000000000000000000000000000000040000000000020000000000000000000000000000000000000000000000000000000000000,
0000000000000230000000000000000000000000000000000000000000000000FFFFA704D44947A7FFFFDC77AF2E99CFFFFF129B32277546000100000000000000000001FFC000000000000000000000000000000000000000000040000000000020000000000000000000000000000000000000000000000000000000000000,
000000000000023800000000000000000000000000000000000000000000000000008C2012E5DAF300006CCF129C55890000B88EC321412E000100000000000000000001FFC000000000000000000000000000000000000000000040000000000020000000000000000000000000000000000000000000000000000000000000,
0000000000000240000000000000000000000000000000000000000000000000FFFF26B5D3930C070000782D4B68BBEFFFFFC1B8937F1EFC000100000000000000000001FFC000000000000000000000000000000000000000000040000000000020000000000000000000000000000000000000000000000000000000000000,
0000000000000248000000000000000000000000000000000000000000000000FFFFA872641ED0D400001C0FB2CC3FB30000EEEBA609F117000100000000000000000001FFC000000000000000000000000000000000000000000040000000000020000000000000000000000000000000000000000000000000000000000000,
0000000000000250000000000000000000000000000000000000000000000000FFFF1031A636C9EB000047252DA42ACEFFFFC986AB2368FB000100000000000000000001FFC000000000000000000000000000000000000000000040000000000020000000000000000000000000000000000000000000000000000000000000,
0000000000000258000000000000000000000000000000000000000000000000000078552E5F4B7BFFFF271F2EA9ABD200003F670C377DFD000100000000000000000001FFC000000000000000000000000000000000000000000040000000000020000000000000000000000000000000000000000000000000000000000000,
00000000000002600000000000000000000000000000000000000000000000000000DF17BA7E104F00000544DDF3EBA1FFFF828C9BF7B0D8000100000000000000000001FFC000000000000000000000000000000000000000000040000000000020000000000000000000000000000000000000000000000000000000000000,
0000000000000268000000000000000000000000000000000000000000000000FFFF2E28EBA1181FFFFF6F644FB47F32FFFFE7AD68A768A0000100000000000000000001FFC000000000000000000000000000000000000000000040000000000020000000000000000000000000000000000000000000000000000000000000,
00000000000002700000000000000000000000000000000000000000000000000000323EC897EC8700003298880F68F70000F5DE6B168460000100000000000000000001FFC000000000000000000000000000000000000000000040000000000020000000000000000000000000000000000000000000000000000000000000,
00000000000002780000000000000000000000000000000000000000000000000000BC4EF3553F9C00009654D8D64234FFFFA988A61F8422000100000000000000000001FFC000000000000000000000000000000000000000000040000000000020000000000000000000000000000000000000000000000000000000000000,
0000000000000280000000000000000000000000000000000000000000000000FFFF861FB60F3C0D0000E115B59D59BBFFFFFBA2EAAEE10F000100000000000000000001FFC000000000000000000000000000000000000000000040000000000020000000000000000000000000000000000000000000000000000000000000,
0000000000000288000000000000000000000000000000000000000000000000FFFF89EC2D956715FFFF607851D31734FFFF5E4F2AE017EC000100000000000000000001FFC000000000000000000000000000000000000000000040000000000020000000000000000000000000000000000000000000000000000000000000,
0000000000000290000000000000000000000000000000000000000000000000FFFFB822DC15C769FFFF1A069934099FFFFFA97E3AF5CFC3000100000000000000000001FFC000000000000000000000000000000000000000000040000000000020000000000000000000000000000000000000000000000000000000000000,
00000000000002980000000000000000000000000000000000000000000000000000CAF3BB4D693FFFFFEAB22E426552FFFF656D7DF6B38D000100000000000000000001FFC000000000000000000000000000000000000000000040000000000020000000000000000000000000000000000000000000000000000000000000,
00000000000002A0000000000000000000000000000000000000000000000000FFFFB4ADD8AC44440000815A654F18FFFFFF30523259A61A000100000000000000000001FFC000000000000000000000000000000000000000000040000000000020000000000000000000000000000000000000000000000000000000000000,
00000000000002A800000000000000000000000000000000000000000000000000004E7D9809B21B00004F6DE7DD23D00000E65C6D1F1C0E000100000000000000000001FFC000000000000000000000000000000000000000000040000000000020000000000000000000000000000000000000000000000000000000000000,
00000000000002B0000000000000000000000000000000000000000000000000000002818B54DAD0FFFF00156EC4C13CFFFFF9F3B6FC2433000100000000000000000001FFC000000000000000000000000000000000000000000040000000000020000000000000000000000000000000000000000000000000000000000000,
00000000000002B8000000000000000000000000000000000000000000000000FFFF1229530249F4000056DFEC199D65000025B43F34AD27000100000000000000000001FFC000000000000000000000000000000000000000000040000000000020000000000000000000000000000000000000000000000000000000000000,
00000000000002C0000000000000000000000000000000000000000000000000FFFFE34203355038FFFFD84BC5FBC565FFFF04BC79B594C2000100000000000000000001FFC000000000000000000000000000000000000000000040000000000020000000000000000000000000000000000000000000000000000000000000,
00000000000002C80000000000000000000000000000000000000000000000000000E2B63B6D2890FFFFF5E71622C7670000767903BF23E6000100000000000000000001FFC000000000000000000000000000000000000000000040000000000020000000000000000000000000000000000000000000000000000000000000,
00000000000002D00000000000000000000000000000000000000000000000000000EC0A31733E99FFFFA7E6EC1759D400002D62FFF9BABF000100000000000000000001FFC000000000000000000000000000000000000000000040000000000020000000000000000000000000000000000000000000000000000000000000,
00000000000002D8000000000000000000000000000000000000000000000000FFFF838A58CAABD50000DEAACFC835220000159108BED743000100000000000000000001FFC000000000000000000000000000000000000000000040000000000020000000000000000000000000000000000000000000000000000000000000,
00000000000002E0000000000000000000000000000000000000000000000000FFFFE49065ACABED00008F41E13243150000D261CD579588000100000000000000000001FFC000000000000000000000000000000000000000000040000000000020000000000000000000000000000000000000000000000000000000000000,
00000000000002E8000000000000000000000000000000000000000000000000FFFFF0E7BA3178C1FFFF0BD13975AEF200004B62A4AEF646000100000000000000000001FFC000000000000000000000000000000000000000000040000000000020000000000000000000000000000000000000000000000000000000000000,
00000000000002F0000000000000000000000000000000000000000000000000FFFFAC6780419937FFFF4D992F18861CFFFF5C891B3EEB10000100000000000000000001FFC000000000000000000000000000000000000000000040000000000020000000000000000000000000000000000000000000000000000000000000,
00000000000002F80000000000000000000000000000000000000000000000000000777B9BDC49F300009F830623F2F60000A0AC4D680236000100000000000000000001FFC000000000000000000000000000000000000000000040000000000020000000000000000000000000000000000000000000000000000000000000,
000000000000030000000000000000000000000000000000000000000000000000002BA1D860FD270000F4B6661A86FA00003D389B073945000100000000000000000001FFC000000000000000000000000000000000000000000040000000000020000000000000000000000000000000000000000000000000000000000000,
0000000000000308000000000000000000000000000000000000000000000000FFFFD2D97B3F6C3FFFFF7F13B6D558E9FFFF277D9B5759C1000100000000000000000001FFC000000000000000000000000000000000000000000040000000000020000000000000000000000000000000000000000000000000000000000000,
0000000000000310000000000000000000000000000000000000000000000000FFFF127CF3909A6FFFFFFC3341578F2200005F71CB91EC84000100000000000000000001FFC000000000000000000000000000000000000000000040000000000020000000000000000000000000000000000000000000000000000000000000,
0000000000000318000000000000000000000000000000000000000000000000FFFF35FFFDDCD548FFFFBB05A546BC5300008D545A9994AB000100000000000000000001FFC000000000000000000000000000000000000000000040000000000020000000000000000000000000000000000000000000000000000000000000,
00000000000003200000000000000000000000000000000000000000000000000000708A2B6ECED9FFFF1AEB1F20FFCEFFFFEC308B7B6BAF000100000000000000000001FFC000000000000000000000000000000000000000000040000000000020000000000000000000000000000000000000000000000000000000000000,
0000000000000328000000000000000000000000000000000000000000000000FFFF3DC3527CD9A80000474AE5823206FFFF69402E57B748000100000000000000000001FFC000000000000000000000000000000000000000000040000000000020000000000000000000000000000000000000000000000000000000000000,
0000000000000330000000000000000000000000000000000000000000000000FFFF3BD03A6B8F2CFFFF601D96982AE8000026851B786791000100000000000000000001FFC000000000000000000000000000000000000000000040000000000020000000000000000000000000000000000000000000000000000000000000,
00000000000003380000000000000000000000000000000000000000000000000000D5852FCD7C72FFFF74C45A0664A1FFFFE859E2DB7835000100000000000000000001FFC000000000000000000000000000000000000000000040000000000020000000000000000000000000000000000000000000000000000000000000,
0000000000000340000000000000000000000000000000000000000000000000FFFFED3DFA850F48FFFF056542613F3AFFFFCF32EAA96747000100000000000000000001FFC000000000000000000000000000000000000000000040000000000020000000000000000000000000000000000000000000000000000000000000,
0000000000000348000000000000000000000000000000000000000000000000FFFFF144CC75298700007A0536FA05B60000E090F87F2130000100000000000000000001FFC000000000000000000000000000000000000000000040000000000020000000000000000000000000000000000000000000000000000000000000,
0000000000000350000000000000000000000000000000000000000000000000FFFFF22A593E78720000D64FBC8A9B57FFFF74A95CA7EF5F000100000000000000000001FFC000000000000000000000000000000000000000000040000000000020000000000000000000000000000000000000000000000000000000000000,
00000000000003580000000000000000000000000000000000000000000000000000459F156CCC5EFFFF52F790753DC60000AF5A353A3119000100000000000000000001FFC000000000000000000000000000000000000000000040000000000020000000000000000000000000000000000000000000000000000000000000,
000000000000036000000000000000000000000000000000000000000000000000008DF5A58CB10FFFFFD7628AF34B300000D12063762DD2000100000000000000000001FFC000000000000000000000000000000000000000000040000000000020000000000000000000000000000000000000000000000000000000000000,
0000000000000368000000000000000000000000000000000000000000000000FFFF6C83FEBB93710000BA71EF97B81400005EFCC170EB6C000100000000000000000001FFC000000000000000000000000000000000000000000040000000000020000000000000000000000000000000000000000000000000000000000000,
00000000000003700000000000000000000000000000000000000000000000000000D6B3870BF158FFFF91290CD4B2C000005494B792FEC8000100000000000000000001FFC000000000000000000000000000000000000000000040000000000020000000000000000000000000000000000000000000000000000000000000,
00000000000003780000000000000000000000000000000000000000000000000000309C592F398B00000AA2D956E0DBFFFF04E1FC712DC7000100000000000000000001FFC000000000000000000000000000000000000000000040000000000020000000000000000000000000000000000000000000000000000000000000,
0000000000000380000000000000000000000000000000000000000000000000FFFFD918276E05A1FFFF7EBF739FDD1F0000D985E0224179000100000000000000000001FFC000000000000000000000000000000000000000000040000000000020000000000000000000000000000000000000000000000000000000000000,
0000000000000388000000000000000000000000000000000000000000000000FFFF0A7A2657B8790000354B80E3A72200003122610D37E1000100000000000000000001FFC000000000000000000000000000000000000000000040000000000020000000000000000000000000000000000000000000000000000000000000,
00000000000003900000000000000000000000000000000000000000000000000000CB94FC1CA217FFFF678DF555FCA400001D2AF1D5FBB5000100000000000000000001FFC000000000000000000000000000000000000000000040000000000020000000000000000000000000000000000000000000000000000000000000,
0000000000000398000000000000000000000000000000000000000000000000FFFFE585CC096EA50000080BE56519960000FE7FFA135E86000100000000000000000001FFC000000000000000000000000000000000000000000040000000000020000000000000000000000000000000000000000000000000000000000000,
00000000000003A00000000000000000000000000000000000000000000000000000BD5C75068118FFFFA2210F16ED1D00009073EAC9FC36000100000000000000000001FFC000000000000000000000000000000000000000000040000000000020000000000000000000000000000000000000000000000000000000000000,
00000000000003A80000000000000000000000000000000000000000000000000000B5148089C7CDFFFF997465EBC6F8000095194C9E0D48000100000000000000000001FFC000000000000000000000000000000000000000000040000000000020000000000000000000000000000000000000000000000000000000000000,
00000000000003B0000000000000000000000000000000000000000000000000FFFF1B3454DC4673FFFFAF907470813A000051F7B06DEE88000100000000000000000001FFC000000000000000000000000000000000000000000040000000000020000000000000000000000000000000000000000000000000000000000000,
00000000000003B8000000000000000000000000000000000000000000000000FFFFFF76161340C9FFFF4D324B7C24CBFFFF48CADE2D99E7000100000000000000000001FFC000000000000000000000000000000000000000000040000000000020000000000000000000000000000000000000000000000000000000000000,
00000000000003C0000000000000000000000000000000000000000000000000FFFF318A66EFDD0500001EEDA981D39A0000942B306CBF98000100000000000000000001FFC000000000000000000000000000000000000000000040000000000020000000000000000000000000000000000000000000000000000000000000,
00000000000003C8000000000000000000000000000000000000000000000000FFFF1385EC44F2300000227FB80CF6E4FFFFA436FEA0F0F9000100000000000000000001FFC000000000000000000000000000000000000000000040000000000020000000000000000000000000000000000000000000000000000000000000,
00000000000003D00000000000000000000000000000000000000000000000000000BC23B2450375FFFF7B1F7C7ECEABFFFF904582833D96000100000000000000000001FFC000000000000000000000000000000000000000000040000000000020000000000000000000000000000000000000000000000000000000000000,
00000000000003D8000000000000000000000000000000000000000000000000FFFF797646CCF20E0000D37C5D00822B0000340D040AA94B000100000000000000000001FFC000000000000000000000000000000000000000000040000000000020000000000000000000000000000000000000000000000000000000000000,
00000000000003E0000000000000000000000000000000000000000000000000000036D9988C92DFFFFF0B435C98C366FFFFCCB40FDF84C5000100000000000000000001FFC000000000000000000000000000000000000000000040000000000020000000000000000000000000000000000000000000000000000000000000,
00000000000003E8000000000000000000000000000000000000000000000000FFFF7495FB3827410000272E28C33A990000D31A71B34D6B000100000000000000000001FFC000000000000000000000000000000000000000000040000000000020000000000000000000000000000000000000000000000000000000000000,
00000000000003F00000000000000000000000000000000000000000000000000000AC2FBA04D55CFFFF42919FB1A59E000001EA616B2C05000100000000000000000001FFC000000000000000000000000000000000000000000040000000000020000000000000000000000000000000000000000000000000000000000000,
00000000000003F8000000000000000000000000000000000000000000000000FFFFBC0950A9AD460000F075DA9D085AFFFFC85C46A35B9F000100000000000000000001FFC000000000000000000000000000000000000000000040000000000020000000000000000000000000000000000000000000000000000000000000,
0000000000000400000000000000000000000000000000000000000000000000FFFF33CEB4CB093000001A4E2A584E7BFFFF67D9C2F97507000100000000000000000001FFC000000000000000000000000000000000000000000040000000000020000000000000000000000000000000000000000000000000000000000000,
0000000000000408000000000000000000000000000000000000000000000000FFFF00B0C1FFD8CBFFFFF59A1350C5E9FFFFF059A40B3E48000100000000000000000001FFC000000000000000000000000000000000000000000040000000000020000000000000000000000000000000000000000000000000000000000000,
00000000000004100000000000000000000000000000000000000000000000000000667A850DE0F0FFFFFDDB3689EDEAFFFF156A8E685036000100000000000000000001FFC000000000000000000000000000000000000000000040000000000020000000000000000000000000000000000000000000000000000000000000,
0000000000000418000000000000000000000000000000000000000000000000FFFFAF78F93B4EBDFFFF1756C9F0CAFA00004624E54FD0B2000100000000000000000001FFC000000000000000000000000000000000000000000040000000000020000000000000000000000000000000000000000000000000000000000000,
0000000000000420000000000000000000000000000000000000000000000000FFFF7F89887F5E60FFFF28D6FA1BA51800003456D318AACF000100000000000000000001FFC000000000000000000000000000000000000000000040000000000020000000000000000000000000000000000000000000000000000000000000,
0000000000000428000000000000000000000000000000000000000000000000FFFF95E4A5F21F690000E861ED5A3916FFFFEF6554D9D6AD000100000000000000000001FFC000000000000000000000000000000000000000000040000000000020000000000000000000000000000000000000000000000000000000000000,
00000000000004300000000000000000000000000000000000000000000000000000B8190CC3454B00009C4AEC549A1E000054F3523FF21B000100000000000000000001FFC000000000000000000000000000000000000000000040000000000020000000000000000000000000000000000000000000000000000000000000,
000000000000043800000000000000000000000000000000000000000000000000008BEEC5A931DB00008660449CD4A30000A706D56990FE000100000000000000000001FFC000000000000000000000000000000000000000000040000000000020000000000000000000000000000000000000000000000000000000000000,
0000000000000440000000000000000000000000000000000000000000000000FFFF3B68626FD9C3FFFF8172590AFD880000684484C351F7000100000000000000000001FFC000000000000000000000000000000000000000000040000000000020000000000000000000000000000000000000000000000000000000000000,
0000000000000448000000000000000000000000000000000000000000000000FFFFD1E8428ABA21000067FE736CB8E7FFFF1AA9068007E4000100000000000000000001FFC000000000000000000000000000000000000000000040000000000020000000000000000000000000000000000000000000000000000000000000,
0000000000000450000000000000000000000000000000000000000000000000FFFFBB38950FD61E00009908D772459EFFFF3EA54D02BBD2000100000000000000000001FFC000000000000000000000000000000000000000000040000000000020000000000000000000000000000000000000000000000000000000000000,
0000000000000458000000000000000000000000000000000000000000000000FFFFB94513E12A230000EBE925D71F9EFFFFBA25C3A43DC1000100000000000000000001FFC000000000000000000000000000000000000000000040000000000020000000000000000000000000000000000000000000000000000000000000,
00000000000004600000000000000000000000000000000000000000000000000000F9D3D741D5CDFFFFF9C23A26762400003786F385B9E7000100000000000000000001FFC000000000000000000000000000000000000000000040000000000020000000000000000000000000000000000000000000000000000000000000,
0000000000000468000000000000000000000000000000000000000000000000FFFFFDBE54D27911FFFF6574D3D474480000CC138DEB6432000100000000000000000001FFC000000000000000000000000000000000000000000040000000000020000000000000000000000000000000000000000000000000000000000000,
00000000000004700000000000000000000000000000000000000000000000000000CFC392ED4CF4FFFF6CB560D89263FFFFE6032F34E1C0000100000000000000000001FFC000000000000000000000000000000000000000000040000000000020000000000000000000000000000000000000000000000000000000000000,
00000000000004780000000000000000000000000000000000000000000000000000412E83FF75110000F7784518F6F4000006C910407BAA000100000000000000000001FFC000000000000000000000000000000000000000000040000000000020000000000000000000000000000000000000000000000000000000000000,
000000000000048000000000000000000000000000000000000000000000000000006073AB95C6CEFFFF7C977F3F9A050000C56535AC1D1F000100000000000000000001FFC000000000000000000000000000000000000000000040000000000020000000000000000000000000000000000000000000000000000000000000,
0000000000000488000000000000000000000000000000000000000000000000FFFFF9F43545084AFFFFB02082E157F6FFFF0CDABE937433000100000000000000000001FFC000000000000000000000000000000000000000000040000000000020000000000000000000000000000000000000000000000000000000000000,
00000000000004900000000000000000000000000000000000000000000000000000D4EBE51F2A2000008E20D1B7159DFFFFFFD7E0F12E75000100000000000000000001FFC000000000000000000000000000000000000000000040000000000020000000000000000000000000000000000000000000000000000000000000,
0000000000000498000000000000000000000000000000000000000000000000000055C8AB3D67B0FFFF8135973EA3FD0000CD2F97B7C6FA000100000000000000000001FFC000000000000000000000000000000000000000000040000000000020000000000000000000000000000000000000000000000000000000000000,
00000000000004A00000000000000000000000000000000000000000000000000000ECCEA18D473FFFFFBD75F0E6C0B1000046EDC5FBB226000100000000000000000001FFC000000000000000000000000000000000000000000040000000000020000000000000000000000000000000000000000000000000000000000000,
00000000000004A8000000000000000000000000000000000000000000000000FFFF37EFB5B6F42F00005AF24BB9D76BFFFF7CB398E56F12000100000000000000000001FFC000000000000000000000000000000000000000000040000000000020000000000000000000000000000000000000000000000000000000000000,
00000000000004B0000000000000000000000000000000000000000000000000FFFF925C5DC8A595FFFF2F6604E1FE6B00006400DA58AC74000100000000000000000001FFC000000000000000000000000000000000000000000040000000000020000000000000000000000000000000000000000000000000000000000000,
00000000000004B8000000000000000000000000000000000000000000000000FFFF50DBF43EC0A10000B5F401C68481000029E3C50A77FE000100000000000000000001FFC000000000000000000000000000000000000000000040000000000020000000000000000000000000000000000000000000000000000000000000,
00000000000004C00000000000000000000000000000000000000000000000000000DCF80209BA93000047AA1DEC13C4FFFF946C11D11461000100000000000000000001FFC000000000000000000000000000000000000000000040000000000020000000000000000000000000000000000000000000000000000000000000,
00000000000004C8000000000000000000000000000000000000000000000000FFFF2199E9C55F11FFFF92F11554E2BD000040A9482FF796000100000000000000000001FFC000000000000000000000000000000000000000000040000000000020000000000000000000000000000000000000000000000000000000000000,
00000000000004D00000000000000000000000000000000000000000000000000000708683FAB6F4FFFF2D5B9BFDA474FFFFA3C88AE0B1F7000100000000000000000001FFC000000000000000000000000000000000000000000040000000000020000000000000000000000000000000000000000000000000000000000000,
00000000000004D8000000000000000000000000000000000000000000000000FFFF58521BBD5C4DFFFF779794095D5400008928AA55257E000100000000000000000001FFC000000000000000000000000000000000000000000040000000000020000000000000000000000000000000000000000000000000000000000000,
00000000000004E0000000000000000000000000000000000000000000000000000066780CC0A5AAFFFFF2A86B19EE9D0000EA37D34CA8D6000100000000000000000001FFC000000000000000000000000000000000000000000040000000000020000000000000000000000000000000000000000000000000000000000000,
00000000000004E80000000000000000000000000000000000000000000000000000570DAF2B3FE40000C76C1ABDF011FFFF7922AC4AA887000100000000000000000001FFC000000000000000000000000000000000000000000040000000000020000000000000000000000000000000000000000000000000000000000000,
00000000000004F0000000000000000000000000000000000000000000000000FFFF42C5D094689BFFFFC763F272D0240000A2DCF424F8BD000100000000000000000001FFC000000000000000000000000000000000000000000040000000000020000000000000000000000000000000000000000000000000000000000000,
00000000000004F8000000000000000000000000000000000000000000000000FFFF93D1739471F0FFFF195605D903440000190953C8B297000100000000000000000001FFC000000000000000000000000000000000000000000040000000000020000000000000000000000000000000000000000000000000000000000000,
0000000000000500000000000000000000000000000000000000000000000000FFFFF6D3249A388BFFFF0DA81461F254FFFFAE03F1F624E4000100000000000000000001FFC000000000000000000000000000000000000000000040000000000020000000000000000000000000000000000000000000000000000000000000,
00000000000005080000000000000000000000000000000000000000000000000000BAD526954226FFFFDC61C23767BD0000AB59AC6B516E000100000000000000000001FFC000000000000000000000000000000000000000000040000000000020000000000000000000000000000000000000000000000000000000000000,
00000000000005100000000000000000000000000000000000000000000000000000F25C409AB068FFFFAD9C73187708FFFFFCE9B7ADFC06000100000000000000000001FFC000000000000000000000000000000000000000000040000000000020000000000000000000000000000000000000000000000000000000000000,
000000000000051800000000000000000000000000000000000000000000000000005B8C35B4B75CFFFFF7E0266F8DA80000EEEEDDE51644000100000000000000000001FFC000000000000000000000000000000000000000000040000000000020000000000000000000000000000000000000000000000000000000000000,
0000000000000520000000000000000000000000000000000000000000000000000069C54B3D1B5D0000E505A8D7A010FFFFD470BEE40D7D000100000000000000000001FFC000000000000000000000000000000000000000000040000000000020000000000000000000000000000000000000000000000000000000000000,
00000000000005280000000000000000000000000000000000000000000000000000277F2727DA59FFFF1C494D97FDA100006E1A2B97D791000100000000000000000001FFC000000000000000000000000000000000000000000040000000000020000000000000000000000000000000000000000000000000000000000000,
0000000000000530000000000000000000000000000000000000000000000000FFFF01DC116AD4BEFFFFF071EAD79474FFFFE56A722632C0000100000000000000000001FFC000000000000000000000000000000000000000000040000000000020000000000000000000000000000000000000000000000000000000000000,
0000000000000538000000000000000000000000000000000000000000000000FFFF28ED23601925FFFFFF25F5C9CC8C00008AD8EC11A843000100000000000000000001FFC000000000000000000000000000000000000000000040000000000020000000000000000000000000000000000000000000000000000000000000,
0000000000000540000000000000000000000000000000000000000000000000FFFF395670BD5B06FFFF68A8825D1CC000003842022EEDA5000100000000000000000001FFC000000000000000000000000000000000000000000040000000000020000000000000000000000000000000000000000000000000000000000000,
0000000000000548000000000000000000000000000000000000000000000000FFFF3F39F1A932B500005F1830E392FA00008B0988996EB5000100000000000000000001FFC000000000000000000000000000000000000000000040000000000020000000000000000000000000000000000000000000000000000000000000,
0000000000000550000000000000000000000000000000000000000000000000FFFF2F353126311A00000EE7A753EE1A000093603A6E29DF000100000000000000000001FFC000000000000000000000000000000000000000000040000000000020000000000000000000000000000000000000000000000000000000000000,
000000000000055800000000000000000000000000000000000000000000000000000AF8594A4A30000005BF5318E10BFFFF004CBB9173C7000100000000000000000001FFC000000000000000000000000000000000000000000040000000000020000000000000000000000000000000000000000000000000000000000000,
0000000000000560000000000000000000000000000000000000000000000000000079BFEFB6DB160000D3620F8AECC100004DA7861E9551000100000000000000000001FFC000000000000000000000000000000000000000000040000000000020000000000000000000000000000000000000000000000000000000000000,
0000000000000568000000000000000000000000000000000000000000000000FFFF97A008B07846000058F5D99CFF41FFFF27D56234690B000100000000000000000001FFC000000000000000000000000000000000000000000040000000000020000000000000000000000000000000000000000000000000000000000000,
0000000000000570000000000000000000000000000000000000000000000000000044A932725709FFFF2FB7A499A302FFFF7BF078C53AF2000100000000000000000001FFC000000000000000000000000000000000000000000040000000000020000000000000000000000000000000000000000000000000000000000000,
0000000000000578000000000000000000000000000000000000000000000000FFFFF9EFD32D48BE00008567D35101C1FFFF259778A68D2F000100000000000000000001FFC000000000000000000000000000000000000000000040000000000020000000000000000000000000000000000000000000000000000000000000,
0000000000000580000000000000000000000000000000000000000000000000FFFFE73EBD7D7D63FFFF214495420950FFFF844078B6B247000100000000000000000001FFC000000000000000000000000000000000000000000040000000000020000000000000000000000000000000000000000000000000000000000000,
0000000000000588000000000000000000000000000000000000000000000000FFFF07104C21E498000007236B4261D600003B4B3031B8C0000100000000000000000001FFC000000000000000000000000000000000000000000040000000000020000000000000000000000000000000000000000000000000000000000000,
0000000000000590000000000000000000000000000000000000000000000000000039553E5D5BE8FFFFB5401FE4DE4C0000EE0960DFCE2A000100000000000000000001FFC000000000000000000000000000000000000000000040000000000020000000000000000000000000000000000000000000000000000000000000,
0000000000000598000000000000000000000000000000000000000000000000FFFFCDE8DC6D8DCBFFFF0BAE16C6157E000039BF36C75B8F000100000000000000000001FFC000000000000000000000000000000000000000000040000000000020000000000000000000000000000000000000000000000000000000000000,
00000000000005A0000000000000000000000000000000000000000000000000FFFF3003E577ED2A0000939CFA50E37E0000161B242F413A000100000000000000000001FFC000000000000000000000000000000000000000000040000000000020000000000000000000000000000000000000000000000000000000000000,
00000000000005A8000000000000000000000000000000000000000000000000000015964D5332AF00001EE7AFC620DB0000FD358B202F88000100000000000000000001FFC000000000000000000000000000000000000000000040000000000020000000000000000000000000000000000000000000000000000000000000,
00000000000005B0000000000000000000000000000000000000000000000000FFFF1745DE5FBC2AFFFF9577678B36D1000004F86FA32D8D000100000000000000000001FFC000000000000000000000000000000000000000000040000000000020000000000000000000000000000000000000000000000000000000000000,
00000000000005B800000000000000000000000000000000000000000000000000008039F2145B12FFFF26F924CCC854FFFFD35A4C5A0FFA000100000000000000000001FFC000000000000000000000000000000000000000000040000000000020000000000000000000000000000000000000000000000000000000000000,
00000000000005C0000000000000000000000000000000000000000000000000FFFFDBF7FF609545FFFF5691B4E9B7C9FFFF4380E389A427000100000000000000000001FFC000000000000000000000000000000000000000000040000000000020000000000000000000000000000000000000000000000000000000000000,
00000000000005C8000000000000000000000000000000000000000000000000FFFF85B8FB6B8C29FFFF93BC89FF0AEE0000C5233B9BD32B000100000000000000000001FFC000000000000000000000000000000000000000000040000000000020000000000000000000000000000000000000000000000000000000000000,
00000000000005D0000000000000000000000000000000000000000000000000FFFF052AEB23E39A0000091B329993E90000325C5C7E18DB000100000000000000000001FFC000000000000000000000000000000000000000000040000000000020000000000000000000000000000000000000000000000000000000000000,
00000000000005D8000000000000000000000000000000000000000000000000FFFFCF0369EB32360000F62696140B63000032758AF767A6000100000000000000000001FFC000000000000000000000000000000000000000000040000000000020000000000000000000000000000000000000000000000000000000000000,
00000000000005E0000000000000000000000000000000000000000000000000FFFFC9C6CF617B3D0000F7AF07ECE405FFFFDCAA19DFA215000100000000000000000001FFC000000000000000000000000000000000000000000040000000000020000000000000000000000000000000000000000000000000000000000000,
00000000000005E80000000000000000000000000000000000000000000000000000C10AC20B32F2FFFFE74F8D33F7B50000A6510E00EF43000100000000000000000001FFC000000000000000000000000000000000000000000040000000000020000000000000000000000000000000000000000000000000000000000000,
00000000000005F00000000000000000000000000000000000000000000000000000EB4B60367E1100003F6F4DDAC42AFFFFB196573A9E9D000100000000000000000001FFC000000000000000000000000000000000000000000040000000000020000000000000000000000000000000000000000000000000000000000000,
00000000000005F8000000000000000000000000000000000000000000000000FFFF33C4EE6ED90300009A557F7CF44E0000029D0754C969000100000000000000000001FFC000000000000000000000000000000000000000000040000000000020000000000000000000000000000000000000000000000000000000000000,
00000000000006000000000000000000000000000000000000000000000000000000EAD0F47FC87A00002A60E351528D00005CBE6667064B000100000000000000000001FFC000000000000000000000000000000000000000000040000000000020000000000000000000000000000000000000000000000000000000000000,
00000000000006080000000000000000000000000000000000000000000000000000836C02466F04FFFF40936AC42F0F00006BCD146C9487000100000000000000000001FFC000000000000000000000000000000000000000000040000000000020000000000000000000000000000000000000000000000000000000000000,
00000000000006100000000000000000000000000000000000000000000000000000A352F6B2F52C0000C46E0991E12AFFFFEF5EA58AF24C000100000000000000000001FFC000000000000000000000000000000000000000000040000000000020000000000000000000000000000000000000000000000000000000000000,
00000000000006180000000000000000000000000000000000000000000000000000DAE8C4BB975C0000732DC446FD75FFFFBE0E610B3A7B000100000000000000000001FFC000000000000000000000000000000000000000000040000000000020000000000000000000000000000000000000000000000000000000000000,
00000000000006200000000000000000000000000000000000000000000000000000FD2C506AF193FFFFDE6D76BCBFFAFFFFEE54277AA2C3000100000000000000000001FFC000000000000000000000000000000000000000000040000000000020000000000000000000000000000000000000000000000000000000000000,
000000000000062800000000000000000000000000000000000000000000000000002E13A22087000000EDAB37D71E1BFFFFACC64B145068000100000000000000000001FFC000000000000000000000000000000000000000000040000000000020000000000000000000000000000000000000000000000000000000000000,
0000000000000630000000000000000000000000000000000000000000000000FFFF75DC9557F1AEFFFFD1DCCD1C93A9FFFF2D76F40AF9D4000100000000000000000001FFC000000000000000000000000000000000000000000040000000000020000000000000000000000000000000000000000000000000000000000000,
00000000000006380000000000000000000000000000000000000000000000000000F32262773A5FFFFFBB47A6536D6BFFFFD6C72D70DF46000100000000000000000001FFC000000000000000000000000000000000000000000040000000000020000000000000000000000000000000000000000000000000000000000000,
0000000000000640000000000000000000000000000000000000000000000000000093A06B8D7B370000BD720278EC510000589DC07802C2000100000000000000000001FFC000000000000000000000000000000000000000000040000000000020000000000000000000000000000000000000000000000000000000000000,
00000000000006480000000000000000000000000000000000000000000000000000076C0857846B0000B2E9D95291E8FFFF490CAC6AB97B000100000000000000000001FFC000000000000000000000000000000000000000000040000000000020000000000000000000000000000000000000000000000000000000000000,
00000000000006500000000000000000000000000000000000000000000000000000FB419C69F41DFFFFE321D5EE1D5AFFFFD857038FAA78000100000000000000000001FFC000000000000000000000000000000000000000000040000000000020000000000000000000000000000000000000000000000000000000000000,
000000000000065800000000000000000000000000000000000000000000000000008E3DB521EC1900008CD8ADF4C2F100009F947AB01743000100000000000000000001FFC000000000000000000000000000000000000000000040000000000020000000000000000000000000000000000000000000000000000000000000,
0000000000000660000000000000000000000000000000000000000000000000000008AAF3DD34C8FFFF09C167FA1FB0FFFFBA8A9211BE58000100000000000000000001FFC000000000000000000000000000000000000000000040000000000020000000000000000000000000000000000000000000000000000000000000,
0000000000000668000000000000000000000000000000000000000000000000FFFFD9681934E55DFFFFF19E7B384D21FFFF0355B092217A000100000000000000000001FFC000000000000000000000000000000000000000000040000000000020000000000000000000000000000000000000000000000000000000000000,
0000000000000670000000000000000000000000000000000000000000000000FFFF1131E07D06D8000053685F2E9AA2FFFFD89D379D7BE1000100000000000000000001FFC000000000000000000000000000000000000000000040000000000020000000000000000000000000000000000000000000000000000000000000,
000000000000067800000000000000000000000000000000000000000000000000000E1F9AEB3BD50000803F54E0B0BF0000DD1BDF51A1BA000100000000000000000001FFC000000000000000000000000000000000000000000040000000000020000000000000000000000000000000000000000000000000000000000000,
0000000000000680000000000000000000000000000000000000000000000000FFFFF8B6C0025C38FFFFD37DB807DC520000FBFEEAEB238C000100000000000000000001FFC000000000000000000000000000000000000000000040000000000020000000000000000000000000000000000000000000000000000000000000,
0000000000000688000000000000000000000000000000000000000000000000FFFF8817D1E3C0AFFFFF81487B6EE4170000BB5A603CB427000100000000000000000001FFC000000000000000000000000000000000000000000040000000000020000000000000000000000000000000000000000000000000000000000000,
0000000000000690000000000000000000000000000000000000000000000000000052C508B5DA150000971EB368CB41FFFF42AA19515127000100000000000000000001FFC000000000000000000000000000000000000000000040000000000020000000000000000000000000000000000000000000000000000000000000,
0000000000000698000000000000000000000000000000000000000000000000FFFFAFAB1349235900000CB5D65B1A0DFFFF0D4352BDC3C0000100000000000000000001FFC000000000000000000000000000000000000000000040000000000020000000000000000000000000000000000000000000000000000000000000,
00000000000006A0000000000000000000000000000000000000000000000000FFFF53E931426414000057A5451A0F430000A80BE17B7014000100000000000000000001FFC000000000000000000000000000000000000000000040000000000020000000000000000000000000000000000000000000000000000000000000,
00000000000006A8000000000000000000000000000000000000000000000000FFFFF36AA856B1250000F1F2555C9F84FFFFAD4C7BD8F888000100000000000000000001FFC000000000000000000000000000000000000000000040000000000020000000000000000000000000000000000000000000000000000000000000,
00000000000006B0000000000000000000000000000000000000000000000000FFFF4E7392EBC0850000A2AC7FECB61E000056E3A60A4347000100000000000000000001FFC000000000000000000000000000000000000000000040000000000020000000000000000000000000000000000000000000000000000000000000,
00000000000006B8000000000000000000000000000000000000000000000000FFFF9E3560EEED71FFFF2D50CEC9C9F100006BA22139CE42000100000000000000000001FFC000000000000000000000000000000000000000000040000000000020000000000000000000000000000000000000000000000000000000000000,
00000000000006C00000000000000000000000000000000000000000000000000000A4C73FB029640000B91B2882F7B10000402F9E0FDF99000100000000000000000001FFC000000000000000000000000000000000000000000040000000000020000000000000000000000000000000000000000000000000000000000000,
00000000000006C800000000000000000000000000000000000000000000000000008EF899E5725300006640C06CEBDAFFFF45E200F28854000100000000000000000001FFC000000000000000000000000000000000000000000040000000000020000000000000000000000000000000000000000000000000000000000000,
00000000000006D0000000000000000000000000000000000000000000000000FFFFB188EC6015150000F3143987930C000011152DD54CCA000100000000000000000001FFC000000000000000000000000000000000000000000040000000000020000000000000000000000000000000000000000000000000000000000000,
00000000000006D8000000000000000000000000000000000000000000000000000012C35BB2BBFE0000F61E08C0F544000043E605B90D2C000100000000000000000001FFC000000000000000000000000000000000000000000040000000000020000000000000000000000000000000000000000000000000000000000000,
00000000000006E000000000000000000000000000000000000000000000000000003FC3342A5B4CFFFF30F1DFA1A51AFFFF779FAB32169E000100000000000000000001FFC000000000000000000000000000000000000000000040000000000020000000000000000000000000000000000000000000000000000000000000,
00000000000006E800000000000000000000000000000000000000000000000000002B451D238E23FFFF3549D807DE930000963D2AE0CC81000100000000000000000001FFC000000000000000000000000000000000000000000040000000000020000000000000000000000000000000000000000000000000000000000000,
00000000000006F0000000000000000000000000000000000000000000000000FFFF8DB134DC99F0FFFF410D2923A663FFFF8179D00C6128000100000000000000000001FFC000000000000000000000000000000000000000000040000000000020000000000000000000000000000000000000000000000000000000000000,
00000000000006F8000000000000000000000000000000000000000000000000FFFFB9E351A4441F0000130F88349FBD0000F579167714A9000100000000000000000001FFC000000000000000000000000000000000000000000040000000000020000000000000000000000000000000000000000000000000000000000000,
000000000000070000000000000000000000000000000000000000000000000000004C521FDA274A0000A19AA8362FFFFFFF48B5BF83AE57000100000000000000000001FFC000000000000000000000000000000000000000000040000000000020000000000000000000000000000000000000000000000000000000000000,
0000000000000708000000000000000000000000000000000000000000000000000037AC90602D3900008B3D0E2A96D3FFFF308472F8DF89000100000000000000000001FFC000000000000000000000000000000000000000000040000000000020000000000000000000000000000000000000000000000000000000000000,
000000000000071000000000000000000000000000000000000000000000000000003BB21A51E0E9FFFFB1E68425596FFFFF13A023C47415000100000000000000000001FFC000000000000000000000000000000000000000000040000000000020000000000000000000000000000000000000000000000000000000000000,
0000000000000718000000000000000000000000000000000000000000000000FFFF948E2EA98F22FFFF1B730DA7E74B000029E87CDA136D000100000000000000000001FFC000000000000000000000000000000000000000000040000000000020000000000000000000000000000000000000000000000000000000000000,
0000000000000720000000000000000000000000000000000000000000000000000056FFA1151CD3FFFF4A23DB1906E7FFFF62389305D482000100000000000000000001FFC000000000000000000000000000000000000000000040000000000020000000000000000000000000000000000000000000000000000000000000,
0000000000000728000000000000000000000000000000000000000000000000FFFF65F8D166E205000081A11B1B03AAFFFF61DCB218BAAA000100000000000000000001FFC000000000000000000000000000000000000000000040000000000020000000000000000000000000000000000000000000000000000000000000,
0000000000000730000000000000000000000000000000000000000000000000FFFF2B3A394CC76C0000485093BFAD9D00007A9D69CDF6B8000100000000000000000001FFC000000000000000000000000000000000000000000040000000000020000000000000000000000000000000000000000000000000000000000000,
000000000000073800000000000000000000000000000000000000000000000000008FEF395DA877FFFF302826411680FFFFD7BFEC2FBD1F000100000000000000000001FFC000000000000000000000000000000000000000000040000000000020000000000000000000000000000000000000000000000000000000000000,
000000000000074000000000000000000000000000000000000000000000000000003D51E5C918560000A7B1C174C734FFFF488C6754A4D8000100000000000000000001FFC000000000000000000000000000000000000000000040000000000020000000000000000000000000000000000000000000000000000000000000,
0000000000000748000000000000000000000000000000000000000000000000FFFF897B611D75FA00004B380D506A400000D615472A9A18000100000000000000000001FFC000000000000000000000000000000000000000000040000000000020000000000000000000000000000000000000000000000000000000000000,
0000000000000750000000000000000000000000000000000000000000000000FFFF6DD06E66B6C8FFFF384BB9BFA91BFFFFBE8C55592D7B000100000000000000000001FFC000000000000000000000000000000000000000000040000000000020000000000000000000000000000000000000000000000000000000000000,
0000000000000758000000000000000000000000000000000000000000000000FFFFF26156998E5AFFFF05C9DF5DB5B4FFFFCB9C17E77929000100000000000000000001FFC000000000000000000000000000000000000000000040000000000020000000000000000000000000000000000000000000000000000000000000,
0000000000000760000000000000000000000000000000000000000000000000FFFF50AF16D576E0000089D61CB2EF15FFFF824BDC112CA1000100000000000000000001FFC000000000000000000000000000000000000000000040000000000020000000000000000000000000000000000000000000000000000000000000,
00000000000007680000000000000000000000000000000000000000000000000000C54E023D36BE00006B85CB6E43BA00007AA939A3C38D000100000000000000000001FFC000000000000000000000000000000000000000000040000000000020000000000000000000000000000000000000000000000000000000000000,
00000000000007700000000000000000000000000000000000000000000000000000DB9F1DF25FB4FFFF7C9AABA133170000061FF39FBC5E000100000000000000000001FFC000000000000000000000000000000000000000000040000000000020000000000000000000000000000000000000000000000000000000000000,
00000000000007780000000000000000000000000000000000000000000000000000BE1FC7586DD700001F332FCF7E2E0000A891906EEB6F000100000000000000000001FFC000000000000000000000000000000000000000000040000000000020000000000000000000000000000000000000000000000000000000000000,
0000000000000780000000000000000000000000000000000000000000000000FFFF67F51A296F44FFFF38A8254189F4FFFFCC37DD15B403000100000000000000000001FFC000000000000000000000000000000000000000000040000000000020000000000000000000000000000000000000000000000000000000000000,
000000000000078800000000000000000000000000000000000000000000000000006B3D310A6FB6FFFF1DC65F57598600003575CE902B4F000100000000000000000001FFC000000000000000000000000000000000000000000040000000000020000000000000000000000000000000000000000000000000000000000000,
00000000000007900000000000000000000000000000000000000000000000000000102B3DAC9B3C00006B692204959CFFFF182FBC6DB42D000100000000000000000001FFC000000000000000000000000000000000000000000040000000000020000000000000000000000000000000000000000000000000000000000000,
0000000000000798000000000000000000000000000000000000000000000000000056949F0C73F40000EFB93737C97BFFFFE812F379AD85000100000000000000000001FFC000000000000000000000000000000000000000000040000000000020000000000000000000000000000000000000000000000000000000000000,
00000000000007A0000000000000000000000000000000000000000000000000FFFF4BC1E2218F1400006D77A4E36B6200009123B90905E8000100000000000000000001FFC000000000000000000000000000000000000000000040000000000020000000000000000000000000000000000000000000000000000000000000,
00000000000007A80000000000000000000000000000000000000000000000000000C68E13A0D7D1FFFF62DBFA5A411F000025AA7334FD00000100000000000000000001FFC000000000000000000000000000000000000000000040000000000020000000000000000000000000000000000000000000000000000000000000,
00000000000007B0000000000000000000000000000000000000000000000000FFFFCFCA1666A404FFFF4A18A7C460330000AD8F25DC72AB000100000000000000000001FFC000000000000000000000000000000000000000000040000000000020000000000000000000000000000000000000000000000000000000000000,
00000000000007B8000000000000000000000000000000000000000000000000000085D69A0115F80000A0345F63D5130000942E81746371000100000000000000000001FFC000000000000000000000000000000000000000000040000000000020000000000000000000000000000000000000000000000000000000000000,
00000000000007C0000000000000000000000000000000000000000000000000FFFF6CC691275FFD0000B628E2CE0363FFFF98A95C9CB4A1000100000000000000000001FFC000000000000000000000000000000000000000000040000000000020000000000000000000000000000000000000000000000000000000000000,
00000000000007C8000000000000000000000000000000000000000000000000FFFF9AF6A78515CB0000D6B63C75DC720000600DEB092E71000100000000000000000001FFC000000000000000000000000000000000000000000040000000000020000000000000000000000000000000000000000000000000000000000000,
00000000000007D0000000000000000000000000000000000000000000000000FFFFD85CED0D94CA00004D879747DDE40000F0BC8B058A17000100000000000000000001FFC000000000000000000000000000000000000000000040000000000020000000000000000000000000000000000000000000000000000000000000,
00000000000007D800000000000000000000000000000000000000000000000000001AFB294E339C0000FC859E1E5BCF000020427B92C8DE000100000000000000000001FFC000000000000000000000000000000000000000000040000000000020000000000000000000000000000000000000000000000000000000000000,
00000000000007E00000000000000000000000000000000000000000000000000000C3085BA8D9D20000A51BA78E09A4FFFFF095E53CDAFF000100000000000000000001FFC000000000000000000000000000000000000000000040000000000020000000000000000000000000000000000000000000000000000000000000,
00000000000007E8000000000000000000000000000000000000000000000000000014B0804AADE5000070C7D543BBD7FFFF1B1D5C9E28B3000100000000000000000001FFC000000000000000000000000000000000000000000040000000000020000000000000000000000000000000000000000000000000000000000000,
00000000000007F000000000000000000000000000000000000000000000000000005691503341E2FFFF8D0E380C4947FFFF2C44FC02A4A9000100000000000000000001FFC000000000000000000000000000000000000000000040000000000020000000000000000000000000000000000000000000000000000000000000,
00000000000007F800000000000000000000000000000000000000000000000000007BF0DEECD72DFFFF2C75DD292E85000049A8B657EB22000100000000000000000001FFC000000000000000000000000000000000000000000040000000000020000000000000000000000000000000000000000000000000000000000000,
0000000000000800000000000000000000000000000000000000000000000000000002808894FF290000D7501A13E0ADFFFF758B3C190E66000100000000000000000001FFC000000000000000000000000000000000000000000040000000000020000000000000000000000000000000000000000000000000000000000000,
0000000000000808000000000000000000000000000000000000000000000000FFFF150B2878D952000061861CF12EBEFFFFE35AB2CAA940000100000000000000000001FFC000000000000000000000000000000000000000000040000000000020000000000000000000000000000000000000000000000000000000000000,
0000000000000810000000000000000000000000000000000000000000000000FFFFFFD26216F954FFFF11B681C1565FFFFFA26E3B22C1B6000100000000000000000001FFC000000000000000000000000000000000000000000040000000000020000000000000000000000000000000000000000000000000000000000000,
000000000000081800000000000000000000000000000000000000000000000000003FE9698E0EB3FFFF0A8F1F995BE9FFFFDD36E2198516000100000000000000000001FFC000000000000000000000000000000000000000000040000000000020000000000000000000000000000000000000000000000000000000000000,
0000000000000820000000000000000000000000000000000000000000000000FFFF92066A095BD30000787D0ECB60F50000C54AAF9211C2000100000000000000000001FFC000000000000000000000000000000000000000000040000000000020000000000000000000000000000000000000000000000000000000000000,
0000000000000828000000000000000000000000000000000000000000000000FFFF790D28D3568E000083DB685450C40000AD0718AFA722000100000000000000000001FFC000000000000000000000000000000000000000000040000000000020000000000000000000000000000000000000000000000000000000000000,
0000000000000830000000000000000000000000000000000000000000000000FFFFC326083AED04FFFF7A7270B83096FFFF2E3EFF040BF5000100000000000000000001FFC000000000000000000000000000000000000000000040000000000020000000000000000000000000000000000000000000000000000000000000,
0000000000000838000000000000000000000000000000000000000000000000FFFFEB546329EC1B00008048ED6189B4FFFF236DBAECE0C5000100000000000000000001FFC000000000000000000000000000000000000000000040000000000020000000000000000000000000000000000000000000000000000000000000,
0000000000000840000000000000000000000000000000000000000000000000FFFFF925B9477BBDFFFFC9464B0AEE56FFFF0602FC2B44EE000100000000000000000001FFC000000000000000000000000000000000000000000040000000000020000000000000000000000000000000000000000000000000000000000000,
00000000000008480000000000000000000000000000000000000000000000000000315BD58FFD950000B0FE8458B1760000B23FC9A0D36C000100000000000000000001FFC000000000000000000000000000000000000000000040000000000020000000000000000000000000000000000000000000000000000000000000,
0000000000000850000000000000000000000000000000000000000000000000FFFFD72CCBE8352600008E09976143A2FFFF2EF79FE7BDF8000100000000000000000001FFC000000000000000000000000000000000000000000040000000000020000000000000000000000000000000000000000000000000000000000000,
000000000000085800000000000000000000000000000000000000000000000000007ABB0F6D5E86FFFF2359E2DAE8EA00002A469C33639C000100000000000000000001FFC000000000000000000000000000000000000000000040000000000020000000000000000000000000000000000000000000000000000000000000,
0000000000000860000000000000000000000000000000000000000000000000FFFF53793C375EFA00005F728935260DFFFF5CB8447AFEBC000100000000000000000001FFC000000000000000000000000000000000000000000040000000000020000000000000000000000000000000000000000000000000000000000000,
0000000000000868000000000000000000000000000000000000000000000000FFFF976ABFE8029A0000E640FEB24781000027C4C356D5AC000100000000000000000001FFC000000000000000000000000000000000000000000040000000000020000000000000000000000000000000000000000000000000000000000000,
0000000000000870000000000000000000000000000000000000000000000000FFFF87B677AD1ED600003A2FA3C04F460000DA5C51730D99000100000000000000000001FFC000000000000000000000000000000000000000000040000000000020000000000000000000000000000000000000000000000000000000000000,
000000000000087800000000000000000000000000000000000000000000000000007D39137DCB850000A7628C2B3A16000093C66F1ECDB5000100000000000000000001FFC000000000000000000000000000000000000000000040000000000020000000000000000000000000000000000000000000000000000000000000,
00000000000008800000000000000000000000000000000000000000000000000000E2BDDACB1E0900005E428DFEDF2CFFFFB79DF5BFF0D4000100000000000000000001FFC000000000000000000000000000000000000000000040000000000020000000000000000000000000000000000000000000000000000000000000,
0000000000000888000000000000000000000000000000000000000000000000FFFFAE7E27F1B2FCFFFFE82CD17D8691FFFF0E7E91D67F82000100000000000000000001FFC000000000000000000000000000000000000000000040000000000020000000000000000000000000000000000000000000000000000000000000,
00000000000008900000000000000000000000000000000000000000000000000000EECE5540A4CBFFFFAE984DC518F1FFFFD4A166E3AF5A000100000000000000000001FFC000000000000000000000000000000000000000000040000000000020000000000000000000000000000000000000000000000000000000000000,
0000000000000898000000000000000000000000000000000000000000000000FFFF67AB87B39DD20000CDBF01119203FFFFFFA6D73383AE000100000000000000000001FFC000000000000000000000000000000000000000000040000000000020000000000000000000000000000000000000000000000000000000000000,
00000000000008A0000000000000000000000000000000000000000000000000000080AFB6968C7300007A7AE4E6C37C0000B85254493E88000100000000000000000001FFC000000000000000000000000000000000000000000040000000000020000000000000000000000000000000000000000000000000000000000000,
00000000000008A80000000000000000000000000000000000000000000000000000B11B6E4814FD0000A9CE1C090D1DFFFFB6F4FE042AAF000100000000000000000001FFC000000000000000000000000000000000000000000040000000000020000000000000000000000000000000000000000000000000000000000000,
00000000000008B000000000000000000000000000000000000000000000000000002D37F4A80E4E00003F0EF399E7460000F3F4F0877947000100000000000000000001FFC000000000000000000000000000000000000000000040000000000020000000000000000000000000000000000000000000000000000000000000,
00000000000008B80000000000000000000000000000000000000000000000000000AE196CA7029200007014761BA29F0000968B488BD3DB000100000000000000000001FFC000000000000000000000000000000000000000000040000000000020000000000000000000000000000000000000000000000000000000000000,
00000000000008C000000000000000000000000000000000000000000000000000004B9E59764FDA0000A435643188CD0000B541492D1A3A000100000000000000000001FFC000000000000000000000000000000000000000000040000000000020000000000000000000000000000000000000000000000000000000000000,
00000000000008C80000000000000000000000000000000000000000000000000000372B73D93B3FFFFF23E01BF20185FFFF898529432A34000100000000000000000001FFC000000000000000000000000000000000000000000040000000000020000000000000000000000000000000000000000000000000000000000000,
00000000000008D0000000000000000000000000000000000000000000000000FFFF80BBE4718C71FFFF2FAFED6BD8E400004D1ACEF4499A000100000000000000000001FFC000000000000000000000000000000000000000000040000000000020000000000000000000000000000000000000000000000000000000000000,
00000000000008D80000000000000000000000000000000000000000000000000000E26A0E18B442000005178B933E02FFFF88A403C263D6000100000000000000000001FFC000000000000000000000000000000000000000000040000000000020000000000000000000000000000000000000000000000000000000000000,
00000000000008E0000000000000000000000000000000000000000000000000FFFF24FA92D32B8E00001BA6C553A0D6FFFF7E61824729D9000100000000000000000001FFC000000000000000000000000000000000000000000040000000000020000000000000000000000000000000000000000000000000000000000000,
00000000000008E80000000000000000000000000000000000000000000000000000ACB54DA9FA5F00009D10C55B1AB5000069103478C4E1000100000000000000000001FFC000000000000000000000000000000000000000000040000000000020000000000000000000000000000000000000000000000000000000000000,
00000000000008F0000000000000000000000000000000000000000000000000FFFF0901BBC2E4D00000406E69637580FFFFEC88852DD506000100000000000000000001FFC000000000000000000000000000000000000000000040000000000020000000000000000000000000000000000000000000000000000000000000,
00000000000008F8000000000000000000000000000000000000000000000000000087A1E2354FADFFFFC2E8C80C63BFFFFF2FA7964F1DF5000100000000000000000001FFC000000000000000000000000000000000000000000040000000000020000000000000000000000000000000000000000000000000000000000000,
0000000000000900000000000000000000000000000000000000000000000000FFFF2183CA22304C00003FA9F494DDADFFFF9288301E7CC1000100000000000000000001FFC000000000000000000000000000000000000000000040000000000020000000000000000000000000000000000000000000000000000000000000,
00000000000009080000000000000000000000000000000000000000000000000000A1E4B4B5907FFFFF7AC42E05EF48000092E2A9ACA5CF000100000000000000000001FFC000000000000000000000000000000000000000000040000000000020000000000000000000000000000000000000000000000000000000000000,
0000000000000910000000000000000000000000000000000000000000000000FFFF0AF97D7D5BF7FFFFE6B5BA3A0045000045B4C6DB5739000100000000000000000001FFC000000000000000000000000000000000000000000040000000000020000000000000000000000000000000000000000000000000000000000000,
00000000000009180000000000000000000000000000000000000000000000000000FCF22FBE3321FFFFE9880E6B70D6000020653C899CFC000100000000000000000001FFC000000000000000000000000000000000000000000040000000000020000000000000000000000000000000000000000000000000000000000000,
0000000000000920000000000000000000000000000000000000000000000000FFFF3B14138C4F75FFFFC92E735A0B28FFFF65E168BBBF35000100000000000000000001FFC000000000000000000000000000000000000000000040000000000020000000000000000000000000000000000000000000000000000000000000,
0000000000000928000000000000000000000000000000000000000000000000FFFFB55D4CACDF22FFFF208EFB9FA9FD000064326FF5976E000100000000000000000001FFC000000000000000000000000000000000000000000040000000000020000000000000000000000000000000000000000000000000000000000000,
0000000000000930000000000000000000000000000000000000000000000000000048F56525F4F0FFFF20DF3DB6BB12FFFF99E334C1406C000100000000000000000001FFC000000000000000000000000000000000000000000040000000000020000000000000000000000000000000000000000000000000000000000000,
0000000000000938000000000000000000000000000000000000000000000000000062915CFD1428FFFF6A86D3FBE4CE0000B6F861894D3A000100000000000000000001FFC000000000000000000000000000000000000000000040000000000020000000000000000000000000000000000000000000000000000000000000,
00000000000009400000000000000000000000000000000000000000000000000000F6CCED9FA49700003FA855B6EC52000017F132DF68D3000100000000000000000001FFC000000000000000000000000000000000000000000040000000000020000000000000000000000000000000000000000000000000000000000000,
000000000000094800000000000000000000000000000000000000000000000000003D4E693DCED5FFFF079822C141E70000087E4B876E48000100000000000000000001FFC000000000000000000000000000000000000000000040000000000020000000000000000000000000000000000000000000000000000000000000,
0000000000000950000000000000000000000000000000000000000000000000FFFF774736CE3C40FFFFC78AA7C600A1FFFF2F0F8F9B8DD3000100000000000000000001FFC000000000000000000000000000000000000000000040000000000020000000000000000000000000000000000000000000000000000000000000,
00000000000009580000000000000000000000000000000000000000000000000000BF4B14BAEA5700008982EEA1EC950000642AD14A4EC0000100000000000000000001FFC000000000000000000000000000000000000000000040000000000020000000000000000000000000000000000000000000000000000000000000,
0000000000000960000000000000000000000000000000000000000000000000FFFFBFE82FEF8056FFFFB46BAE023E830000EC0AC2E36BE5000100000000000000000001FFC000000000000000000000000000000000000000000040000000000020000000000000000000000000000000000000000000000000000000000000,
00000000000009680000000000000000000000000000000000000000000000000000F11942F18B6EFFFFC769EA1AE566000040D9668C53A9000100000000000000000001FFC000000000000000000000000000000000000000000040000000000020000000000000000000000000000000000000000000000000000000000000,
000000000000097000000000000000000000000000000000000000000000000000005C6137476C900000999BD1701B730000B6C6295621D2000100000000000000000001FFC000000000000000000000000000000000000000000040000000000020000000000000000000000000000000000000000000000000000000000000,
0000000000000978000000000000000000000000000000000000000000000000FFFF6E9053952F1EFFFFD304DB8CA36D0000CDD16288049B000100000000000000000001FFC000000000000000000000000000000000000000000040000000000020000000000000000000000000000000000000000000000000000000000000,
0000000000000980000000000000000000000000000000000000000000000000000022416DF39AD00000EC22F648E95E00005CBF53C77AD8000100000000000000000001FFC000000000000000000000000000000000000000000040000000000020000000000000000000000000000000000000000000000000000000000000,
000000000000098800000000000000000000000000000000000000000000000000007636D5ED70C1FFFFFB99D554BD010000E3075BC133DE000100000000000000000001FFC000000000000000000000000000000000000000000040000000000020000000000000000000000000000000000000000000000000000000000000,
0000000000000990000000000000000000000000000000000000000000000000FFFFC08524FC37CF0000F780D6CA723E00000FC2FB091CFD000100000000000000000001FFC000000000000000000000000000000000000000000040000000000020000000000000000000000000000000000000000000000000000000000000,
0000000000000998000000000000000000000000000000000000000000000000FFFF632D66468F97FFFFA830B93303F30000B64BF9998D2C000100000000000000000001FFC000000000000000000000000000000000000000000040000000000020000000000000000000000000000000000000000000000000000000000000,
00000000000009A00000000000000000000000000000000000000000000000000000EAB123EF666100002FDDC1311E60FFFFA5A46EFFE81C000100000000000000000001FFC000000000000000000000000000000000000000000040000000000020000000000000000000000000000000000000000000000000000000000000,
00000000000009A8000000000000000000000000000000000000000000000000FFFF85ED539D0568FFFF1FA2E49220F6FFFFEED21C4BFE1D000100000000000000000001FFC000000000000000000000000000000000000000000040000000000020000000000000000000000000000000000000000000000000000000000000,
00000000000009B0000000000000000000000000000000000000000000000000FFFF15F2FA293E9900006716D40BE0D500000B597CB0A6CB000100000000000000000001FFC000000000000000000000000000000000000000000040000000000020000000000000000000000000000000000000000000000000000000000000,
00000000000009B8000000000000000000000000000000000000000000000000FFFF7A3DDCE1D710FFFF25C647F73818000004BA491692DE000100000000000000000001FFC000000000000000000000000000000000000000000040000000000020000000000000000000000000000000000000000000000000000000000000,
00000000000009C0000000000000000000000000000000000000000000000000FFFF5EEBF3CBE7F300009464435A112D0000848CFC677754000100000000000000000001FFC000000000000000000000000000000000000000000040000000000020000000000000000000000000000000000000000000000000000000000000,
00000000000009C8000000000000000000000000000000000000000000000000FFFF9726D00A3B6300003A729494FCCFFFFF1DE34B5BE06B000100000000000000000001FFC000000000000000000000000000000000000000000040000000000020000000000000000000000000000000000000000000000000000000000000,
00000000000009D00000000000000000000000000000000000000000000000000000D1897153E6A0FFFF71802902B0BAFFFFDB9C3216D673000100000000000000000001FFC000000000000000000000000000000000000000000040000000000020000000000000000000000000000000000000000000000000000000000000,
00000000000009D8000000000000000000000000000000000000000000000000FFFF61DA81537617FFFF6E5216609E93FFFF75105F7E34A4000100000000000000000001FFC000000000000000000000000000000000000000000040000000000020000000000000000000000000000000000000000000000000000000000000,
00000000000009E000000000000000000000000000000000000000000000000000005120EE96D900FFFF412115D8C9D3FFFF69ECCECAA34D000100000000000000000001FFC000000000000000000000000000000000000000000040000000000020000000000000000000000000000000000000000000000000000000000000,
00000000000009E8000000000000000000000000000000000000000000000000FFFFB1E61F0FCF50FFFF0D5578C0377B000017704C87AC07000100000000000000000001FFC000000000000000000000000000000000000000000040000000000020000000000000000000000000000000000000000000000000000000000000,
00000000000009F0000000000000000000000000000000000000000000000000FFFF95A7271F7DDD00005EB56B85B7110000D4BC65110D99000100000000000000000001FFC000000000000000000000000000000000000000000040000000000020000000000000000000000000000000000000000000000000000000000000,
00000000000009F8000000000000000000000000000000000000000000000000000097F3032F51CBFFFF33B6701FD127FFFFE54702BDDF3A000100000000000000000001FFC000000000000000000000000000000000000000000040000000000020000000000000000000000000000000000000000000000000000000000000,
0000000000000A00000000000000000000000000000000000000000000000000FFFFC5EC64ACEA8CFFFFAF286D1F1186FFFF142512C1B13E000100000000000000000001FFC000000000000000000000000000000000000000000040000000000020000000000000000000000000000000000000000000000000000000000000,
0000000000000A08000000000000000000000000000000000000000000000000FFFF1C24978EEE28FFFFCBD68B3816BA00006862A32A6988000100000000000000000001FFC000000000000000000000000000000000000000000040000000000020000000000000000000000000000000000000000000000000000000000000,
0000000000000A1000000000000000000000000000000000000000000000000000007A5221153957FFFF258730DC0CF900003553683486B9000100000000000000000001FFC000000000000000000000000000000000000000000040000000000020000000000000000000000000000000000000000000000000000000000000,
0000000000000A18000000000000000000000000000000000000000000000000000014E747733D85FFFF1EC00125E5E4FFFF88291A55A2CA000100000000000000000001FFC000000000000000000000000000000000000000000040000000000020000000000000000000000000000000000000000000000000000000000000,
0000000000000A20000000000000000000000000000000000000000000000000FFFFD5695A36DF6C00006CDC27A06BE90000E3C0EF860262000100000000000000000001FFC000000000000000000000000000000000000000000040000000000020000000000000000000000000000000000000000000000000000000000000,
0000000000000A28000000000000000000000000000000000000000000000000FFFF4492E4E0CBAFFFFF51B451E68168FFFFFAAA61431DD5000100000000000000000001FFC000000000000000000000000000000000000000000040000000000020000000000000000000000000000000000000000000000000000000000000,
0000000000000A300000000000000000000000000000000000000000000000000000BA9CB3115003FFFFA16FEC4F10B60000938BC155C4BC000100000000000000000001FFC000000000000000000000000000000000000000000040000000000020000000000000000000000000000000000000000000000000000000000000,
0000000000000A38000000000000000000000000000000000000000000000000000008523B9174940000E0B497A4A71400007A5E84663F51000100000000000000000001FFC000000000000000000000000000000000000000000040000000000020000000000000000000000000000000000000000000000000000000000000,
0000000000000A40000000000000000000000000000000000000000000000000FFFF00472548329BFFFFF41D396739A9000000F84D88FA92000100000000000000000001FFC000000000000000000000000000000000000000000040000000000020000000000000000000000000000000000000000000000000000000000000,
0000000000000A48000000000000000000000000000000000000000000000000FFFF5C3C01EF6EBD0000646805D89981FFFF56C7B0541D17000100000000000000000001FFC000000000000000000000000000000000000000000040000000000020000000000000000000000000000000000000000000000000000000000000,
0000000000000A500000000000000000000000000000000000000000000000000000BE2931771CF3FFFF8F13C0F4A6BA000080EE64C48F9B000100000000000000000001FFC000000000000000000000000000000000000000000040000000000020000000000000000000000000000000000000000000000000000000000000,
0000000000000A580000000000000000000000000000000000000000000000000000A9BD27A8EB3C0000AB6148DA2241000055C0CD5BDE27000100000000000000000001FFC000000000000000000000000000000000000000000040000000000020000000000000000000000000000000000000000000000000000000000000,
0000000000000A6000000000000000000000000000000000000000000000000000002DCE29588CFDFFFFCF3E87416AA90000F71ACFE0373C000100000000000000000001FFC000000000000000000000000000000000000000000040000000000020000000000000000000000000000000000000000000000000000000000000,
0000000000000A68000000000000000000000000000000000000000000000000FFFFDCD1C686A458FFFF25BB42C21627000081100E0FB33B000100000000000000000001FFC000000000000000000000000000000000000000000040000000000020000000000000000000000000000000000000000000000000000000000000,
0000000000000A70000000000000000000000000000000000000000000000000FFFFE4CE5572854BFFFFB2DCF58C0B3F0000F2952EBD8C94000100000000000000000001FFC000000000000000000000000000000000000000000040000000000020000000000000000000000000000000000000000000000000000000000000,
0000000000000A78000000000000000000000000000000000000000000000000FFFFCC694AB5463D0000240C2DBC7C2C0000F824B9FA60E6000100000000000000000001FFC000000000000000000000000000000000000000000040000000000020000000000000000000000000000000000000000000000000000000000000,
0000000000000A80000000000000000000000000000000000000000000000000FFFF33D27AC952C1000032B3F3DD5C25000091DD78454613000100000000000000000001FFC000000000000000000000000000000000000000000040000000000020000000000000000000000000000000000000000000000000000000000000,
0000000000000A88000000000000000000000000000000000000000000000000FFFF737668F9AE42FFFFD2A12D48E7A50000D11C02D143A7000100000000000000000001FFC000000000000000000000000000000000000000000040000000000020000000000000000000000000000000000000000000000000000000000000,
0000000000000A90000000000000000000000000000000000000000000000000000035F2A058C314FFFF8E924C21EE490000DF119104D3D7000100000000000000000001FFC000000000000000000000000000000000000000000040000000000020000000000000000000000000000000000000000000000000000000000000,
0000000000000A980000000000000000000000000000000000000000000000000000CE433FF16A49FFFFA326D3E90703000077E0EEA5CF08000100000000000000000001FFC000000000000000000000000000000000000000000040000000000020000000000000000000000000000000000000000000000000000000000000,
0000000000000AA00000000000000000000000000000000000000000000000000000BC0FB982D0C10000920CC6DC1DD800005E032A4C9D8B000100000000000000000001FFC000000000000000000000000000000000000000000040000000000020000000000000000000000000000000000000000000000000000000000000,
0000000000000AA80000000000000000000000000000000000000000000000000000DF6A9353A06A00001679EC2FC04FFFFF850D900BC37E000100000000000000000001FFC000000000000000000000000000000000000000000040000000000020000000000000000000000000000000000000000000000000000000000000,
0000000000000AB000000000000000000000000000000000000000000000000000002F4C12A02619FFFFC5021207D8700000F4943F79B53C000100000000000000000001FFC000000000000000000000000000000000000000000040000000000020000000000000000000000000000000000000000000000000000000000000,
0000000000000AB8000000000000000000000000000000000000000000000000FFFF2DCD7B85161900008F2FE7E0E13FFFFFE2D6128C4ED9000100000000000000000001FFC000000000000000000000000000000000000000000040000000000020000000000000000000000000000000000000000000000000000000000000,
0000000000000AC0000000000000000000000000000000000000000000000000FFFF78BEBA2618730000AC9AC82094A800008418F326C260000100000000000000000001FFC000000000000000000000000000000000000000000040000000000020000000000000000000000000000000000000000000000000000000000000,
0000000000000AC8000000000000000000000000000000000000000000000000FFFF4022FE2B5B6700000CFC2F14FEB10000A8FC1AF15C75000100000000000000000001FFC000000000000000000000000000000000000000000040000000000020000000000000000000000000000000000000000000000000000000000000,
0000000000000AD0000000000000000000000000000000000000000000000000FFFFD6DDAB325A8E0000D37F8D1A2B6B00008A3F75323BEB000100000000000000000001FFC000000000000000000000000000000000000000000040000000000020000000000000000000000000000000000000000000000000000000000000,
0000000000000AD8000000000000000000000000000000000000000000000000FFFFCE98EBDB0456FFFF3E9B285C4B7DFFFF5FB4BB5EF022000100000000000000000001FFC000000000000000000000000000000000000000000040000000000020000000000000000000000000000000000000000000000000000000000000,
0000000000000AE0000000000000000000000000000000000000000000000000000024C7E34CDFA5FFFF889FE0A15F8DFFFF208B3768DEE8000100000000000000000001FFC000000000000000000000000000000000000000000040000000000020000000000000000000000000000000000000000000000000000000000000,
0000000000000AE8000000000000000000000000000000000000000000000000FFFF38044F99AE9800005FBCDD86D65C00007FF9045C9769000100000000000000000001FFC000000000000000000000000000000000000000000040000000000020000000000000000000000000000000000000000000000000000000000000,
0000000000000AF0000000000000000000000000000000000000000000000000FFFF0AD6889BED2500003AC810A249A800002C74BEEE2E3A000100000000000000000001FFC000000000000000000000000000000000000000000040000000000020000000000000000000000000000000000000000000000000000000000000,
0000000000000AF80000000000000000000000000000000000000000000000000000F5FDFD8BCF2D00002D6EE8FF87B2FFFFC998D74F2AF9000100000000000000000001FFC000000000000000000000000000000000000000000040000000000020000000000000000000000000000000000000000000000000000000000000,
0000000000000B00000000000000000000000000000000000000000000000000FFFF9C28C57FEABAFFFFBA77682C3082FFFF1EC2A4C42BC4000100000000000000000001FFC000000000000000000000000000000000000000000040000000000020000000000000000000000000000000000000000000000000000000000000,
0000000000000B080000000000000000000000000000000000000000000000000000807775AF22B2FFFF5F73625E06A000009880003EF06D000100000000000000000001FFC000000000000000000000000000000000000000000040000000000020000000000000000000000000000000000000000000000000000000000000,
0000000000000B10000000000000000000000000000000000000000000000000FFFF0EC765435EF8FFFFAB90AB5D44D900000ECD8A949132000100000000000000000001FFC000000000000000000000000000000000000000000040000000000020000000000000000000000000000000000000000000000000000000000000,
0000000000000B1800000000000000000000000000000000000000000000000000006BDCBAC50014FFFF1BB46327AD85FFFFD5C658D15D5C000100000000000000000001FFC000000000000000000000000000000000000000000040000000000020000000000000000000000000000000000000000000000000000000000000,
0000000000000B20000000000000000000000000000000000000000000000000FFFFD3ABFE1EDE3AFFFFC63A34D321330000F56CC0699D74000100000000000000000001FFC000000000000000000000000000000000000000000040000000000020000000000000000000000000000000000000000000000000000000000000,
0000000000000B28000000000000000000000000000000000000000000000000FFFF993981AD94EC0000D08A39E88D89FFFF94D5C949D0AC000100000000000000000001FFC000000000000000000000000000000000000000000040000000000020000000000000000000000000000000000000000000000000000000000000,
0000000000000B30000000000000000000000000000000000000000000000000FFFFDF820932768C0000466AB7F7002A0000F3F883ACF40E000100000000000000000001FFC000000000000000000000000000000000000000000040000000000020000000000000000000000000000000000000000000000000000000000000,
0000000000000B38000000000000000000000000000000000000000000000000FFFFEBA84C0BAE2BFFFF02882080C81100001D9902324929000100000000000000000001FFC000000000000000000000000000000000000000000040000000000020000000000000000000000000000000000000000000000000000000000000,
0000000000000B4000000000000000000000000000000000000000000000000000003DA4BD17F9D9FFFF3FA6D7AA0B8800009D48AC963002000100000000000000000001FFC000000000000000000000000000000000000000000040000000000020000000000000000000000000000000000000000000000000000000000000,
0000000000000B48000000000000000000000000000000000000000000000000FFFF8CC35BE1A9B1FFFFBD9C4B3B4434FFFF25418EFD3CD5000100000000000000000001FFC000000000000000000000000000000000000000000040000000000020000000000000000000000000000000000000000000000000000000000000,
0000000000000B50000000000000000000000000000000000000000000000000FFFF9BEE5293761CFFFF60C77B46D461FFFF524D5C455A33000100000000000000000001FFC000000000000000000000000000000000000000000040000000000020000000000000000000000000000000000000000000000000000000000000,
0000000000000B58000000000000000000000000000000000000000000000000FFFFF1B83D8BDC600000F8310E533F9800003D1923A8116E000100000000000000000001FFC000000000000000000000000000000000000000000040000000000020000000000000000000000000000000000000000000000000000000000000,
0000000000000B60000000000000000000000000000000000000000000000000FFFF86ABFDB81806FFFFC17B8A3F96F60000D894920FB0EC000100000000000000000001FFC000000000000000000000000000000000000000000040000000000020000000000000000000000000000000000000000000000000000000000000,
0000000000000B6800000000000000000000000000000000000000000000000000005A7E380810960000EF4B9A879142FFFFF6CB302ABB42000100000000000000000001FFC000000000000000000000000000000000000000000040000000000020000000000000000000000000000000000000000000000000000000000000,
0000000000000B7000000000000000000000000000000000000000000000000000005859F798E12800004A515166F527FFFF1B82FDA0ED06000100000000000000000001FFC000000000000000000000000000000000000000000040000000000020000000000000000000000000000000000000000000000000000000000000,
0000000000000B78000000000000000000000000000000000000000000000000FFFFBA15BA360AA2FFFFA117245198790000E33E949CD9FF000100000000000000000001FFC000000000000000000000000000000000000000000040000000000020000000000000000000000000000000000000000000000000000000000000,
0000000000000B80000000000000000000000000000000000000000000000000FFFF825625271E3700005FDA877D6153FFFF369CE6737AAE000100000000000000000001FFC000000000000000000000000000000000000000000040000000000020000000000000000000000000000000000000000000000000000000000000,
0000000000000B88000000000000000000000000000000000000000000000000FFFF5ED565B99404FFFF48C805C1BF2FFFFFB2970A46D87D000100000000000000000001FFC000000000000000000000000000000000000000000040000000000020000000000000000000000000000000000000000000000000000000000000,
0000000000000B90000000000000000000000000000000000000000000000000FFFFD9D7E7E56155FFFF034F1F47C1C700000F14252434A1000100000000000000000001FFC000000000000000000000000000000000000000000040000000000020000000000000000000000000000000000000000000000000000000000000,
0000000000000B98000000000000000000000000000000000000000000000000FFFFDB84992767EF00000B43E50D2BF9FFFF02DD058120B4000100000000000000000001FFC000000000000000000000000000000000000000000040000000000020000000000000000000000000000000000000000000000000000000000000,
0000000000000BA0000000000000000000000000000000000000000000000000FFFF9333825888BF00000FF551834BE90000E72E0F5AF7B5000100000000000000000001FFC000000000000000000000000000000000000000000040000000000020000000000000000000000000000000000000000000000000000000000000,
0000000000000BA8000000000000000000000000000000000000000000000000FFFF91DD48B9A76EFFFFBCBCA6D8CC18FFFF22E85BF61003000100000000000000000001FFC000000000000000000000000000000000000000000040000000000020000000000000000000000000000000000000000000000000000000000000,
0000000000000BB0000000000000000000000000000000000000000000000000FFFF4798F41C6F1E000009C6E976ACBCFFFF4EB299FD7E5B000100000000000000000001FFC000000000000000000000000000000000000000000040000000000020000000000000000000000000000000000000000000000000000000000000,
0000000000000BB8000000000000000000000000000000000000000000000000FFFF37CA6D2AC101FFFF60765FC38A0AFFFFFFF6CC462655000100000000000000000001FFC000000000000000000000000000000000000000000040000000000020000000000000000000000000000000000000000000000000000000000000,
0000000000000BC00000000000000000000000000000000000000000000000000000A05E5C0E9A710000C77A6225798AFFFFFADC31FDF3BB000100000000000000000001FFC000000000000000000000000000000000000000000040000000000020000000000000000000000000000000000000000000000000000000000000,
0000000000000BC80000000000000000000000000000000000000000000000000000200BCE1D72A9FFFF8E119F3D5C24FFFF1D00260A81A8000100000000000000000001FFC000000000000000000000000000000000000000000040000000000020000000000000000000000000000000000000000000000000000000000000,
0000000000000BD00000000000000000000000000000000000000000000000000000591EA463E01FFFFF103552C0FD52000009ACF519FECA000100000000000000000001FFC000000000000000000000000000000000000000000040000000000020000000000000000000000000000000000000000000000000000000000000,
0000000000000BD8000000000000000000000000000000000000000000000000FFFFED3A15E4BDD200000171F50E7926FFFF00B17FD22C0D000100000000000000000001FFC000000000000000000000000000000000000000000040000000000020000000000000000000000000000000000000000000000000000000000000,
0000000000000BE00000000000000000000000000000000000000000000000000000F83903CFE0A5FFFFF6191421DBA900003DD57BCFB396000100000000000000000001FFC000000000000000000000000000000000000000000040000000000020000000000000000000000000000000000000000000000000000000000000,
0000000000000BE80000000000000000000000000000000000000000000000000000B49674BDCE3FFFFFAE6B4B95AFAC0000A2137607147D000100000000000000000001FFC000000000000000000000000000000000000000000040000000000020000000000000000000000000000000000000000000000000000000000000,
0000000000000BF000000000000000000000000000000000000000000000000000000B31637779EC0000D5BCB219D739FFFF738BEA372541000100000000000000000001FFC000000000000000000000000000000000000000000040000000000020000000000000000000000000000000000000000000000000000000000000,
0000000000000BF8000000000000000000000000000000000000000000000000FFFFE8CDA7DB405A0000F0C5B03F03ACFFFFAC2CC4186C1D000100000000000000000001FFC000000000000000000000000000000000000000000040000000000020000000000000000000000000000000000000000000000000000000000000,
0000000000000C0000000000000000000000000000000000000000000000000000002E5223F4B403FFFF1C4330639F47FFFF94A40E0BBD82000100000000000000000001FFC000000000000000000000000000000000000000000040000000000020000000000000000000000000000000000000000000000000000000000000,
0000000000000C0800000000000000000000000000000000000000000000000000004B70B41D6707000044C2AEAB7E95FFFF153AFB6B0A1F000100000000000000000001FFC000000000000000000000000000000000000000000040000000000020000000000000000000000000000000000000000000000000000000000000,
0000000000000C100000000000000000000000000000000000000000000000000000FD638F27B63100000B52C6BEDE93000022AAEACD06A1000100000000000000000001FFC000000000000000000000000000000000000000000040000000000020000000000000000000000000000000000000000000000000000000000000,
0000000000000C1800000000000000000000000000000000000000000000000000002867AC3FAACB0000D8D4745985CE000081F4695C5487000100000000000000000001FFC000000000000000000000000000000000000000000040000000000020000000000000000000000000000000000000000000000000000000000000,
0000000000000C20000000000000000000000000000000000000000000000000000071BAB399A143FFFF4CC9375B654D00008F1F4E014FE8000100000000000000000001FFC000000000000000000000000000000000000000000040000000000020000000000000000000000000000000000000000000000000000000000000,
0000000000000C28000000000000000000000000000000000000000000000000FFFF77F34B83F04CFFFFE517250B627F0000D72E0B569293000100000000000000000001FFC000000000000000000000000000000000000000000040000000000020000000000000000000000000000000000000000000000000000000000000,
0000000000000C3000000000000000000000000000000000000000000000000000002F11072D604E0000CEDB8C4571D600008F490861290A000100000000000000000001FFC000000000000000000000000000000000000000000040000000000020000000000000000000000000000000000000000000000000000000000000,
0000000000000C38000000000000000000000000000000000000000000000000000081784C5A0C22FFFFFFCD4B300F4FFFFF23271B824866000100000000000000000001FFC000000000000000000000000000000000000000000040000000000020000000000000000000000000000000000000000000000000000000000000,
0000000000000C400000000000000000000000000000000000000000000000000000B33EFF4BF45600003CE48DBB9310FFFF53AA918018BA000100000000000000000001FFC000000000000000000000000000000000000000000040000000000020000000000000000000000000000000000000000000000000000000000000,
0000000000000C48000000000000000000000000000000000000000000000000FFFFAE37A133405500006C6D8932F1390000D9012BF8BDC9000100000000000000000001FFC000000000000000000000000000000000000000000040000000000020000000000000000000000000000000000000000000000000000000000000,
0000000000000C5000000000000000000000000000000000000000000000000000004EAC5B54D5CB000050ABD3E77E9D0000E5DDDC5EE3F2000100000000000000000001FFC000000000000000000000000000000000000000000040000000000020000000000000000000000000000000000000000000000000000000000000,
0000000000000C58000000000000000000000000000000000000000000000000FFFF22FF8BEC4A6000007D36A5DF01DDFFFFE020D91DA48E000100000000000000000001FFC000000000000000000000000000000000000000000040000000000020000000000000000000000000000000000000000000000000000000000000,
0000000000000C60000000000000000000000000000000000000000000000000FFFF635659382BCA000052F8EEA629E80000B8AF3E316BC8000100000000000000000001FFC000000000000000000000000000000000000000000040000000000020000000000000000000000000000000000000000000000000000000000000,
0000000000000C680000000000000000000000000000000000000000000000000000EFD764A217ADFFFFE3491C713014000054C7999D8939000100000000000000000001FFC000000000000000000000000000000000000000000040000000000020000000000000000000000000000000000000000000000000000000000000,
0000000000000C70000000000000000000000000000000000000000000000000FFFFC246103292660000F13F52E257CEFFFFC49F9AC8AB0D000100000000000000000001FFC000000000000000000000000000000000000000000040000000000020000000000000000000000000000000000000000000000000000000000000,
0000000000000C78000000000000000000000000000000000000000000000000000024C43699E848FFFF0D5C5B5BC762FFFFB7209666786C000100000000000000000001FFC000000000000000000000000000000000000000000040000000000020000000000000000000000000000000000000000000000000000000000000,
0000000000000C800000000000000000000000000000000000000000000000000000CC847AD99420000099935545EEFD00000B18EE8C9DBB000100000000000000000001FFC000000000000000000000000000000000000000000040000000000020000000000000000000000000000000000000000000000000000000000000,
0000000000000C88000000000000000000000000000000000000000000000000FFFF0E6F6066A38F00004D04B7BD35B3FFFFDCA310A706F2000100000000000000000001FFC000000000000000000000000000000000000000000040000000000020000000000000000000000000000000000000000000000000000000000000,
0000000000000C900000000000000000000000000000000000000000000000000000C1C336D00FA100005742F4F90A48FFFF71400FB729BE000100000000000000000001FFC000000000000000000000000000000000000000000040000000000020000000000000000000000000000000000000000000000000000000000000,
0000000000000C980000000000000000000000000000000000000000000000000000DEB0FF23366EFFFF946D30EF064BFFFFBDE00BEE6807000100000000000000000001FFC000000000000000000000000000000000000000000040000000000020000000000000000000000000000000000000000000000000000000000000,
0000000000000CA0000000000000000000000000000000000000000000000000FFFF64FE37063967FFFF3DE2E8E086F300003DE07465C565000100000000000000000001FFC000000000000000000000000000000000000000000040000000000020000000000000000000000000000000000000000000000000000000000000,
0000000000000CA8000000000000000000000000000000000000000000000000FFFFAE7EAFDD7EA3000010577B17CCD70000F220B6384376000100000000000000000001FFC000000000000000000000000000000000000000000040000000000020000000000000000000000000000000000000000000000000000000000000,
0000000000000CB0000000000000000000000000000000000000000000000000FFFFB1E919AA026E0000A7770740235CFFFF4ED15C5AB69D000100000000000000000001FFC000000000000000000000000000000000000000000040000000000020000000000000000000000000000000000000000000000000000000000000,
0000000000000CB8000000000000000000000000000000000000000000000000FFFF092D7530B6B100001A13BB97771AFFFFC145E4DADD58000100000000000000000001FFC000000000000000000000000000000000000000000040000000000020000000000000000000000000000000000000000000000000000000000000,
0000000000000CC0000000000000000000000000000000000000000000000000FFFFCF7AD7115CF1FFFF0C9BFA2D7C3E00003ECA96922605000100000000000000000001FFC000000000000000000000000000000000000000000040000000000020000000000000000000000000000000000000000000000000000000000000,
0000000000000CC80000000000000000000000000000000000000000000000000000BBA5859C843C00007D97654AE8B0000078A13FBEB538000100000000000000000001FFC000000000000000000000000000000000000000000040000000000020000000000000000000000000000000000000000000000000000000000000,
0000000000000CD00000000000000000000000000000000000000000000000000000E6112F15DFCB000064037538130D000033038DF87D2F000100000000000000000001FFC000000000000000000000000000000000000000000040000000000020000000000000000000000000000000000000000000000000000000000000,
0000000000000CD800000000000000000000000000000000000000000000000000005412582DE39B0000CC5893760448000081450E69F70B000100000000000000000001FFC000000000000000000000000000000000000000000040000000000020000000000000000000000000000000000000000000000000000000000000,
0000000000000CE00000000000000000000000000000000000000000000000000000F19C6027CE1C00004EF9E95B4601FFFFE19EA9924C88000100000000000000000001FFC000000000000000000000000000000000000000000040000000000020000000000000000000000000000000000000000000000000000000000000,
0000000000000CE8000000000000000000000000000000000000000000000000FFFF6BD3F5791F5BFFFFFD274D205CFDFFFF2F4237CB7724000100000000000000000001FFC000000000000000000000000000000000000000000040000000000020000000000000000000000000000000000000000000000000000000000000,
0000000000000CF0000000000000000000000000000000000000000000000000FFFF96A0860C681C0000D8F7B9F1EDF0000055C6B89C3CA9000100000000000000000001FFC000000000000000000000000000000000000000000040000000000020000000000000000000000000000000000000000000000000000000000000,
0000000000000CF800000000000000000000000000000000000000000000000000009D9C99FB8AF3FFFF58E308E89E19FFFF8F016D1D8C1D000100000000000000000001FFC000000000000000000000000000000000000000000040000000000020000000000000000000000000000000000000000000000000000000000000,
0000000000000D000000000000000000000000000000000000000000000000000000BF9FE649EBEBFFFF58E51F5E1F8900001DDD7FC3E621000100000000000000000001FFC000000000000000000000000000000000000000000040000000000020000000000000000000000000000000000000000000000000000000000000,
0000000000000D080000000000000000000000000000000000000000000000000000A33DBCC322B2FFFF4230C81A63F9FFFFCA83B73C79A3000100000000000000000001FFC000000000000000000000000000000000000000000040000000000020000000000000000000000000000000000000000000000000000000000000,
0000000000000D10000000000000000000000000000000000000000000000000FFFF5A351C939EE300007FF7354FE097000093383B46EA28000100000000000000000001FFC000000000000000000000000000000000000000000040000000000020000000000000000000000000000000000000000000000000000000000000,
0000000000000D180000000000000000000000000000000000000000000000000000A1024B27583CFFFF6DEBCDAE79FBFFFF78D27355B472000100000000000000000001FFC000000000000000000000000000000000000000000040000000000020000000000000000000000000000000000000000000000000000000000000,
0000000000000D200000000000000000000000000000000000000000000000000000A4223C78CCE5FFFF4D07283F106FFFFFAEF97B7BE778000100000000000000000001FFC000000000000000000000000000000000000000000040000000000020000000000000000000000000000000000000000000000000000000000000,
0000000000000D2800000000000000000000000000000000000000000000000000006FEDC8F6C86B0000E360178E4A9BFFFFDBD41729E870000100000000000000000001FFC000000000000000000000000000000000000000000040000000000020000000000000000000000000000000000000000000000000000000000000,
0000000000000D3000000000000000000000000000000000000000000000000000006B1ACD0E16A60000C486B3DE0050FFFF83BBE5D142E7000100000000000000000001FFC000000000000000000000000000000000000000000040000000000020000000000000000000000000000000000000000000000000000000000000,
0000000000000D38000000000000000000000000000000000000000000000000FFFF3A36B166B1E900009BCC091AE78900002E4D3C9E636E000100000000000000000001FFC000000000000000000000000000000000000000000040000000000020000000000000000000000000000000000000000000000000000000000000,
0000000000000D400000000000000000000000000000000000000000000000000000489ED5EA551D00008273E7693009FFFF300C17F83AFF000100000000000000000001FFC000000000000000000000000000000000000000000040000000000020000000000000000000000000000000000000000000000000000000000000,
0000000000000D48000000000000000000000000000000000000000000000000FFFF2D542EB2303A000090066C4FE33EFFFFEBBDA5DDE985000100000000000000000001FFC000000000000000000000000000000000000000000040000000000020000000000000000000000000000000000000000000000000000000000000,
0000000000000D50000000000000000000000000000000000000000000000000FFFFDCCA777E76CCFFFF0272A5BE01F3000002C2BA3EB667000100000000000000000001FFC000000000000000000000000000000000000000000040000000000020000000000000000000000000000000000000000000000000000000000000,
0000000000000D58000000000000000000000000000000000000000000000000FFFF4ABAEBB8BD2CFFFFE04191507AC6FFFF4E0A6080FE4D000100000000000000000001FFC000000000000000000000000000000000000000000040000000000020000000000000000000000000000000000000000000000000000000000000,
0000000000000D6000000000000000000000000000000000000000000000000000006D8B563BF1BB0000E68111882E4100001418BE76C309000100000000000000000001FFC000000000000000000000000000000000000000000040000000000020000000000000000000000000000000000000000000000000000000000000,
0000000000000D68000000000000000000000000000000000000000000000000FFFF6E439E8953C20000CD4E56B68CDC00002E549135CCCA000100000000000000000001FFC000000000000000000000000000000000000000000040000000000020000000000000000000000000000000000000000000000000000000000000,
0000000000000D70000000000000000000000000000000000000000000000000FFFFF4C9EAA60508FFFFF94277B5AA2CFFFF00559E4DA18C000100000000000000000001FFC000000000000000000000000000000000000000000040000000000020000000000000000000000000000000000000000000000000000000000000,
0000000000000D780000000000000000000000000000000000000000000000000000BDE08318624CFFFFB3728C900446FFFF664DD8CD0748000100000000000000000001FFC000000000000000000000000000000000000000000040000000000020000000000000000000000000000000000000000000000000000000000000,
0000000000000D80000000000000000000000000000000000000000000000000FFFF937B011E4C90FFFF20E4FFADE096FFFFC0E2A46A3E52000100000000000000000001FFC000000000000000000000000000000000000000000040000000000020000000000000000000000000000000000000000000000000000000000000,
0000000000000D88000000000000000000000000000000000000000000000000FFFF26865391E69100001F18089C06B7FFFF7C921723CB15000100000000000000000001FFC000000000000000000000000000000000000000000040000000000020000000000000000000000000000000000000000000000000000000000000,
0000000000000D90000000000000000000000000000000000000000000000000FFFFEEDBD57C40E5FFFF0671CB1C5A5700003671DBC9EC97000100000000000000000001FFC000000000000000000000000000000000000000000040000000000020000000000000000000000000000000000000000000000000000000000000,
0000000000000D98000000000000000000000000000000000000000000000000FFFF2C5D7BE3B4F90000438C36DF6BECFFFF80C89BAAB7B0000100000000000000000001FFC000000000000000000000000000000000000000000040000000000020000000000000000000000000000000000000000000000000000000000000,
0000000000000DA00000000000000000000000000000000000000000000000000000024FF1F4A69CFFFF099B6A414A920000456F4D14B828000100000000000000000001FFC000000000000000000000000000000000000000000040000000000020000000000000000000000000000000000000000000000000000000000000,
0000000000000DA8000000000000000000000000000000000000000000000000FFFFF3C2EA6DD3E100008884F0417B5BFFFF27C9181B2D34000100000000000000000001FFC000000000000000000000000000000000000000000040000000000020000000000000000000000000000000000000000000000000000000000000,
0000000000000DB0000000000000000000000000000000000000000000000000FFFFC8EA5C17F445000068C9FCC61692FFFF1D04891249DF000100000000000000000001FFC000000000000000000000000000000000000000000040000000000020000000000000000000000000000000000000000000000000000000000000,
0000000000000DB80000000000000000000000000000000000000000000000000000CBF8EAF8E9FB00007B0A8C80413200005DC43657347D000100000000000000000001FFC000000000000000000000000000000000000000000040000000000020000000000000000000000000000000000000000000000000000000000000,
0000000000000DC000000000000000000000000000000000000000000000000000004F161AB5CA630000F34E8815DC99FFFFF6E15C755A90000100000000000000000001FFC000000000000000000000000000000000000000000040000000000020000000000000000000000000000000000000000000000000000000000000,
0000000000000DC8000000000000000000000000000000000000000000000000FFFF936B6675CC56FFFF182AE790A52500000022BD73A908000100000000000000000001FFC000000000000000000000000000000000000000000040000000000020000000000000000000000000000000000000000000000000000000000000,
0000000000000DD00000000000000000000000000000000000000000000000000000831AE34B1261FFFF9D48CDA7082F0000C479C72BE138000100000000000000000001FFC000000000000000000000000000000000000000000040000000000020000000000000000000000000000000000000000000000000000000000000,
0000000000000DD8000000000000000000000000000000000000000000000000000022D94094C08F00004CC55FDCDF4D0000F1B7E94CDFD6000100000000000000000001FFC000000000000000000000000000000000000000000040000000000020000000000000000000000000000000000000000000000000000000000000,
0000000000000DE0000000000000000000000000000000000000000000000000FFFF3FC2AF27FF7EFFFF617F18D93916FFFFC53506E02112000100000000000000000001FFC000000000000000000000000000000000000000000040000000000020000000000000000000000000000000000000000000000000000000000000,
0000000000000DE8000000000000000000000000000000000000000000000000000007053435E06400001CE7AAEB4A96FFFF01BBE4D89C2A000100000000000000000001FFC000000000000000000000000000000000000000000040000000000020000000000000000000000000000000000000000000000000000000000000,
0000000000000DF0000000000000000000000000000000000000000000000000000085671F627478FFFFEAB6609EBF03FFFF268B9BF3FC20000100000000000000000001FFC000000000000000000000000000000000000000000040000000000020000000000000000000000000000000000000000000000000000000000000,
0000000000000DF8000000000000000000000000000000000000000000000000FFFFDCF5163E95B8FFFF2B6A65F6BED5FFFF75BD60B642EA000100000000000000000001FFC000000000000000000000000000000000000000000040000000000020000000000000000000000000000000000000000000000000000000000000,
0000000000000E00000000000000000000000000000000000000000000000000000001FD1396FC640000FFE57AA44F370000070166CBE831000100000000000000000001FFC000000000000000000000000000000000000000000040000000000020000000000000000000000000000000000000000000000000000000000000,
0000000000000E080000000000000000000000000000000000000000000000000000960BBAF8444A0000C29893A1EFEFFFFFB83441C7D746000100000000000000000001FFC000000000000000000000000000000000000000000040000000000020000000000000000000000000000000000000000000000000000000000000,
0000000000000E1000000000000000000000000000000000000000000000000000005FEE306C909E00001037A6946990FFFF13354D8B04BC000100000000000000000001FFC000000000000000000000000000000000000000000040000000000020000000000000000000000000000000000000000000000000000000000000,
0000000000000E18000000000000000000000000000000000000000000000000FFFF51AF6B663EB2FFFF47C143BE4E4CFFFFDD4CB0C4D33F000100000000000000000001FFC000000000000000000000000000000000000000000040000000000020000000000000000000000000000000000000000000000000000000000000,
0000000000000E20000000000000000000000000000000000000000000000000FFFF49AD9D8F9879FFFFE2BE192FA0DAFFFF4EB0B21EAE80000100000000000000000001FFC000000000000000000000000000000000000000000040000000000020000000000000000000000000000000000000000000000000000000000000,
0000000000000E28000000000000000000000000000000000000000000000000FFFFFD59B50A14DFFFFF00085D4F7D58FFFFFCE260ECFF91000100000000000000000001FFC000000000000000000000000000000000000000000040000000000020000000000000000000000000000000000000000000000000000000000000,
0000000000000E30000000000000000000000000000000000000000000000000FFFFB18AFCC1351D0000A76926A8E95C0000B1122B1D55D4000100000000000000000001FFC000000000000000000000000000000000000000000040000000000020000000000000000000000000000000000000000000000000000000000000,
0000000000000E380000000000000000000000000000000000000000000000000000D20DFBF3F2A900003649F415F24A000087E389C38B27000100000000000000000001FFC000000000000000000000000000000000000000000040000000000020000000000000000000000000000000000000000000000000000000000000,
0000000000000E400000000000000000000000000000000000000000000000000000541485EF3599FFFFFC94A8E3DE0C0000F1C63B702FD9000100000000000000000001FFC000000000000000000000000000000000000000000040000000000020000000000000000000000000000000000000000000000000000000000000,
0000000000000E480000000000000000000000000000000000000000000000000000D1B899AF1BD200006B908E3DE9AEFFFF9C15E46C3C29000100000000000000000001FFC000000000000000000000000000000000000000000040000000000020000000000000000000000000000000000000000000000000000000000000,
0000000000000E50000000000000000000000000000000000000000000000000FFFF3FC2A26FDBFEFFFFAC208ACBFBEF000092C86F4FA0C2000100000000000000000001FFC000000000000000000000000000000000000000000040000000000020000000000000000000000000000000000000000000000000000000000000,
0000000000000E58000000000000000000000000000000000000000000000000FFFF66C325E361FA000090DB1EEEC077000091288D483E4C000100000000000000000001FFC000000000000000000000000000000000000000000040000000000020000000000000000000000000000000000000000000000000000000000000,
0000000000000E600000000000000000000000000000000000000000000000000000150990FEB856FFFFD7A248866DE7FFFF041450F74C31000100000000000000000001FFC000000000000000000000000000000000000000000040000000000020000000000000000000000000000000000000000000000000000000000000,
0000000000000E6800000000000000000000000000000000000000000000000000002EBF1D1EBF150000BC4B1B9A12FC0000A705A425B208000100000000000000000001FFC000000000000000000000000000000000000000000040000000000020000000000000000000000000000000000000000000000000000000000000,
0000000000000E700000000000000000000000000000000000000000000000000000A742F2F4F3A100006C4839C3B89DFFFF5F44C6D337DD000100000000000000000001FFC000000000000000000000000000000000000000000040000000000020000000000000000000000000000000000000000000000000000000000000,
0000000000000E7800000000000000000000000000000000000000000000000000003BE87C8349760000ACD9A119C0CB0000B314A0691D05000100000000000000000001FFC000000000000000000000000000000000000000000040000000000020000000000000000000000000000000000000000000000000000000000000,
0000000000000E80000000000000000000000000000000000000000000000000FFFFE051736D8CA6FFFF39FF542B578000009F2531B2FB83000100000000000000000001FFC000000000000000000000000000000000000000000040000000000020000000000000000000000000000000000000000000000000000000000000,
0000000000000E88000000000000000000000000000000000000000000000000000002997F5964670000983D9F7CC7F70000CDCBC8C2881C000100000000000000000001FFC000000000000000000000000000000000000000000040000000000020000000000000000000000000000000000000000000000000000000000000,
0000000000000E90000000000000000000000000000000000000000000000000FFFF9D89E3C6E26C0000EC05787049E2FFFFF45E8CC43744000100000000000000000001FFC000000000000000000000000000000000000000000040000000000020000000000000000000000000000000000000000000000000000000000000,
0000000000000E98000000000000000000000000000000000000000000000000FFFFA871C79147580000940ECE87C6A90000BD9A19E15434000100000000000000000001FFC000000000000000000000000000000000000000000040000000000020000000000000000000000000000000000000000000000000000000000000,
0000000000000EA0000000000000000000000000000000000000000000000000FFFF4CE2C08D9EC60000B68A2182A7E5FFFFF47357A1B3CD000100000000000000000001FFC000000000000000000000000000000000000000000040000000000020000000000000000000000000000000000000000000000000000000000000,
0000000000000EA800000000000000000000000000000000000000000000000000007DEEA296FDFB0000D9CB6B1FF1E1FFFFD0A4D6F96F36000100000000000000000001FFC000000000000000000000000000000000000000000040000000000020000000000000000000000000000000000000000000000000000000000000,
0000000000000EB000000000000000000000000000000000000000000000000000003F0808A91E85000059B80B67B7AEFFFF18AB86724EA1000100000000000000000001FFC000000000000000000000000000000000000000000040000000000020000000000000000000000000000000000000000000000000000000000000,
0000000000000EB8000000000000000000000000000000000000000000000000FFFFE443DC5BA50FFFFFA8000E443C82FFFF11349BBC64B2000100000000000000000001FFC000000000000000000000000000000000000000000040000000000020000000000000000000000000000000000000000000000000000000000000,
0000000000000EC0000000000000000000000000000000000000000000000000FFFF32D3A9E83780FFFF87A1B5EBE09DFFFFA16353E94DEC000100000000000000000001FFC000000000000000000000000000000000000000000040000000000020000000000000000000000000000000000000000000000000000000000000,
0000000000000EC8000000000000000000000000000000000000000000000000FFFF7BB82828E9E00000D1C366D0898AFFFFC0760862898E000100000000000000000001FFC000000000000000000000000000000000000000000040000000000020000000000000000000000000000000000000000000000000000000000000,
0000000000000ED00000000000000000000000000000000000000000000000000000EE72A8827D61FFFFB1C01C7DCB49FFFFCD726A6761CB000100000000000000000001FFC000000000000000000000000000000000000000000040000000000020000000000000000000000000000000000000000000000000000000000000,
0000000000000ED8000000000000000000000000000000000000000000000000000036DAB0FA161E0000F9ED85795389FFFFF80E854ABEB6000100000000000000000001FFC000000000000000000000000000000000000000000040000000000020000000000000000000000000000000000000000000000000000000000000,
0000000000000EE0000000000000000000000000000000000000000000000000FFFF01913FC0E46500000845BF98805500001B0C5A2F9B50000100000000000000000001FFC000000000000000000000000000000000000000000040000000000020000000000000000000000000000000000000000000000000000000000000,
0000000000000EE8000000000000000000000000000000000000000000000000FFFF0D51476A6CFA00005170C83B4C6AFFFFFD0F9876FF55000100000000000000000001FFC000000000000000000000000000000000000000000040000000000020000000000000000000000000000000000000000000000000000000000000,
0000000000000EF0000000000000000000000000000000000000000000000000FFFF18A5DB3B964000003F6EE4A6417300005960C4AD38BB000100000000000000000001FFC000000000000000000000000000000000000000000040000000000020000000000000000000000000000000000000000000000000000000000000,
0000000000000EF8000000000000000000000000000000000000000000000000FFFF5FFA5E80FD94FFFF383A975327A900000485E0E32BD5000100000000000000000001FFC000000000000000000000000000000000000000000040000000000020000000000000000000000000000000000000000000000000000000000000,
0000000000000F00000000000000000000000000000000000000000000000000FFFFA52EF4A94988FFFF1D0A1878EBD800004C021B789650000100000000000000000001FFC000000000000000000000000000000000000000000040000000000020000000000000000000000000000000000000000000000000000000000000,
0000000000000F080000000000000000000000000000000000000000000000000000C89E9137DA0200006C1C0279F832FFFF8B614BC39C28000100000000000000000001FFC000000000000000000000000000000000000000000040000000000020000000000000000000000000000000000000000000000000000000000000,
0000000000000F100000000000000000000000000000000000000000000000000000FE37956699BFFFFFE69D50399729FFFFEFB6CEB0C10F000100000000000000000001FFC000000000000000000000000000000000000000000040000000000020000000000000000000000000000000000000000000000000000000000000,
0000000000000F18000000000000000000000000000000000000000000000000000037F368AAF5ABFFFF065BA51923A2FFFFF6D088043DB7000100000000000000000001FFC000000000000000000000000000000000000000000040000000000020000000000000000000000000000000000000000000000000000000000000,
0000000000000F200000000000000000000000000000000000000000000000000000DD115E76CF5000001BA381AD026D00007E197F63BAF6000100000000000000000001FFC000000000000000000000000000000000000000000040000000000020000000000000000000000000000000000000000000000000000000000000,
0000000000000F28000000000000000000000000000000000000000000000000FFFF2864A8A358C100004DC3D39999AC000072071861532E000100000000000000000001FFC000000000000000000000000000000000000000000040000000000020000000000000000000000000000000000000000000000000000000000000,
0000000000000F30000000000000000000000000000000000000000000000000000024FA75FCD8F0FFFF1434C33C0AF1FFFFA36D33EA4554000100000000000000000001FFC000000000000000000000000000000000000000000040000000000020000000000000000000000000000000000000000000000000000000000000,
0000000000000F38000000000000000000000000000000000000000000000000FFFFB7ADFBDAF107000071086C33F213FFFF25FCDF6183FC000100000000000000000001FFC000000000000000000000000000000000000000000040000000000020000000000000000000000000000000000000000000000000000000000000,
0000000000000F4000000000000000000000000000000000000000000000000000008447FB66BB6BFFFF2FD2C01AB464FFFFBB7149326F59000100000000000000000001FFC000000000000000000000000000000000000000000040000000000020000000000000000000000000000000000000000000000000000000000000,
0000000000000F4800000000000000000000000000000000000000000000000000006BD9F268A138FFFFB3C56A538010FFFF24B2C1E9635A000100000000000000000001FFC000000000000000000000000000000000000000000040000000000020000000000000000000000000000000000000000000000000000000000000,
0000000000000F50000000000000000000000000000000000000000000000000FFFF48EB581C3CF3FFFF4EAC3020EAC4FFFFE812EA90430F000100000000000000000001FFC000000000000000000000000000000000000000000040000000000020000000000000000000000000000000000000000000000000000000000000,
0000000000000F58000000000000000000000000000000000000000000000000000093BF61C6EC360000CEE84147886B00001DEF18854D0E000100000000000000000001FFC000000000000000000000000000000000000000000040000000000020000000000000000000000000000000000000000000000000000000000000,
0000000000000F60000000000000000000000000000000000000000000000000FFFF3180C505FCEAFFFF6B28F79B47C6FFFFE4C444531E1B000100000000000000000001FFC000000000000000000000000000000000000000000040000000000020000000000000000000000000000000000000000000000000000000000000,
0000000000000F6800000000000000000000000000000000000000000000000000004107B6D200520000614C5B69AB41FFFF1C50D3723A0D000100000000000000000001FFC000000000000000000000000000000000000000000040000000000020000000000000000000000000000000000000000000000000000000000000,
0000000000000F7000000000000000000000000000000000000000000000000000001EFBB5D45BC9FFFF30F17592C99EFFFF6CADC950F1C4000100000000000000000001FFC000000000000000000000000000000000000000000040000000000020000000000000000000000000000000000000000000000000000000000000,
0000000000000F7800000000000000000000000000000000000000000000000000002211AE1E8E8C0000F5B85D88CC0FFFFFC0C76D446165000100000000000000000001FFC000000000000000000000000000000000000000000040000000000020000000000000000000000000000000000000000000000000000000000000,
0000000000000F800000000000000000000000000000000000000000000000000000A014B43D2D27FFFF7A13E7E11D2A0000943D4F2C83E1000100000000000000000001FFC000000000000000000000000000000000000000000040000000000020000000000000000000000000000000000000000000000000000000000000,
0000000000000F88000000000000000000000000000000000000000000000000000049D8F6063832FFFF77C31DF1644DFFFF343B23757FF8000100000000000000000001FFC000000000000000000000000000000000000000000040000000000020000000000000000000000000000000000000000000000000000000000000,
0000000000000F90000000000000000000000000000000000000000000000000FFFF542948BC1D18FFFF43650DACDB0CFFFFEB21988B3EDA000100000000000000000001FFC000000000000000000000000000000000000000000040000000000020000000000000000000000000000000000000000000000000000000000000,
0000000000000F98000000000000000000000000000000000000000000000000FFFFF377951198C4FFFF6B35BC0196110000CFF17EC9CE41000100000000000000000001FFC000000000000000000000000000000000000000000040000000000020000000000000000000000000000000000000000000000000000000000000,
0000000000000FA0000000000000000000000000000000000000000000000000FFFF9F2A6AD0387BFFFF6DDCCB94798F0000BA8E3320E2EA000100000000000000000001FFC000000000000000000000000000000000000000000040000000000020000000000000000000000000000000000000000000000000000000000000,
0000000000000FA80000000000000000000000000000000000000000000000000000C9ECDBBD1B21FFFFAD52CDC96079FFFF7A1BE9A427C0000100000000000000000001FFC000000000000000000000000000000000000000000040000000000020000000000000000000000000000000000000000000000000000000000000,
0000000000000FB00000000000000000000000000000000000000000000000000000550A0D0BB4F5FFFF91B5BB6785AD0000D6CD9EAE0221000100000000000000000001FFC000000000000000000000000000000000000000000040000000000020000000000000000000000000000000000000000000000000000000000000,
0000000000000FB8000000000000000000000000000000000000000000000000FFFF3F560106B450FFFFA06E151137E800008ADCEFB70902000100000000000000000001FFC000000000000000000000000000000000000000000040000000000020000000000000000000000000000000000000000000000000000000000000,
0000000000000FC0000000000000000000000000000000000000000000000000FFFF16D0A94E6861FFFFF0DDEBEC89760000688E1F902896000100000000000000000001FFC000000000000000000000000000000000000000000040000000000020000000000000000000000000000000000000000000000000000000000000,
0000000000000FC800000000000000000000000000000000000000000000000000002D975F325D8AFFFF26BB6B01925800007F7BD3D26FE8000100000000000000000001FFC000000000000000000000000000000000000000000040000000000020000000000000000000000000000000000000000000000000000000000000,
0000000000000FD0000000000000000000000000000000000000000000000000FFFFAB55CA86A306FFFF999BA5159682FFFF252D2D9A23C1000100000000000000000001FFC000000000000000000000000000000000000000000040000000000020000000000000000000000000000000000000000000000000000000000000,
0000000000000FD8000000000000000000000000000000000000000000000000FFFFD8E474A392600000AFC5B508CA1C0000B5F6A498EEC2000100000000000000000001FFC000000000000000000000000000000000000000000040000000000020000000000000000000000000000000000000000000000000000000000000,
0000000000000FE0000000000000000000000000000000000000000000000000FFFFBC10E8908C6800003123452B29C10000F1E18E883FB1000100000000000000000001FFC000000000000000000000000000000000000000000040000000000020000000000000000000000000000000000000000000000000000000000000,
0000000000000FE8000000000000000000000000000000000000000000000000FFFFAFE776F33409FFFF94558FA8893CFFFF25FD38072DD9000100000000000000000001FFC000000000000000000000000000000000000000000040000000000020000000000000000000000000000000000000000000000000000000000000,
0000000000000FF0000000000000000000000000000000000000000000000000FFFFEB739A7622E50000F6BA26AEF695FFFFBEE385630D1D000100000000000000000001FFC000000000000000000000000000000000000000000040000000000020000000000000000000000000000000000000000000000000000000000000,
0000000000000FF8000000000000000000000000000000000000000000000000FFFF6070D0BBD9200000C3D71D0B267CFFFFD67C6E94156A000100000000000000000001FFC000000000000000000000000000000000000000000040000000000020000000000000000000000000000000000000000000000000000000000000,
0000000000001000000000000000000000000000000000000000000000000000FFFF6345F66D6C48000017625B6860AEFFFF36F0226CFB1B000100000000000000000001FFC000000000000000000000000000000000000000000040000000000020000000000000000000000000000000000000000000000000000000000000,
0000000000001008000000000000000000000000000000000000000000000000FFFF798F3239BB8D0000A34F156E1E0CFFFF6FCE55C2F658000100000000000000000001FFC000000000000000000000000000000000000000000040000000000020000000000000000000000000000000000000000000000000000000000000,
0000000000001010000000000000000000000000000000000000000000000000FFFF1A5C34677EDD00005A5E84D641AF000044149C3A5DFB000100000000000000000001FFC000000000000000000000000000000000000000000040000000000020000000000000000000000000000000000000000000000000000000000000,
000000000000101800000000000000000000000000000000000000000000000000008C3A536BC644FFFF7227EBB10CC90000A079C0A5D54F000100000000000000000001FFC000000000000000000000000000000000000000000040000000000020000000000000000000000000000000000000000000000000000000000000,
0000000000001020000000000000000000000000000000000000000000000000FFFF64EB47A2115AFFFF3C16969D8496FFFFC84838644901000100000000000000000001FFC000000000000000000000000000000000000000000040000000000020000000000000000000000000000000000000000000000000000000000000,
000000000000102800000000000000000000000000000000000000000000000000008028F0A5DC7F0000CE732157B90E0000508EC5FC426B000100000000000000000001FFC000000000000000000000000000000000000000000040000000000020000000000000000000000000000000000000000000000000000000000000,
0000000000001030000000000000000000000000000000000000000000000000FFFFE63B55D6DD570000F94CF1BAE88AFFFFCBD5A912EBB8000100000000000000000001FFC000000000000000000000000000000000000000000040000000000020000000000000000000000000000000000000000000000000000000000000,
0000000000001038000000000000000000000000000000000000000000000000000068E5DB0A5F100000E79B8B349C20FFFFE2293ED5782F000100000000000000000001FFC000000000000000000000000000000000000000000040000000000020000000000000000000000000000000000000000000000000000000000000,
0000000000001040000000000000000000000000000000000000000000000000FFFF730B0F97882CFFFF6E246B21099500009C2E7F65AEAF000100000000000000000001FFC000000000000000000000000000000000000000000040000000000020000000000000000000000000000000000000000000000000000000000000,
0000000000001048000000000000000000000000000000000000000000000000FFFFB35E4D3BEBCD000043A27CBAE7430000EAB5F3F433A0000100000000000000000001FFC000000000000000000000000000000000000000000040000000000020000000000000000000000000000000000000000000000000000000000000,
0000000000001050000000000000000000000000000000000000000000000000FFFF8A1899A5BEF4FFFF1E1E24D15D8F000018BC7555D3E1000100000000000000000001FFC000000000000000000000000000000000000000000040000000000020000000000000000000000000000000000000000000000000000000000000,
00000000000010580000000000000000000000000000000000000000000000000000DD3F6C2BA645FFFF7FB2969317D5FFFFF4DE14FCA2AB000100000000000000000001FFC000000000000000000000000000000000000000000040000000000020000000000000000000000000000000000000000000000000000000000000,
0000000000001060000000000000000000000000000000000000000000000000FFFF4BD80D7010F2FFFF4DA6920488C5000023A7CE8FAFEE000100000000000000000001FFC000000000000000000000000000000000000000000040000000000020000000000000000000000000000000000000000000000000000000000000,
0000000000001068000000000000000000000000000000000000000000000000FFFF641195912446FFFF35270F92B3B60000089F68D3751B000100000000000000000001FFC000000000000000000000000000000000000000000040000000000020000000000000000000000000000000000000000000000000000000000000,
00000000000010700000000000000000000000000000000000000000000000000000AAC9C0EA7218FFFFD6747B6A043FFFFF45E0BD9E7EAB000100000000000000000001FFC000000000000000000000000000000000000000000040000000000020000000000000000000000000000000000000000000000000000000000000,
0000000000001078000000000000000000000000000000000000000000000000FFFF33887E88B315000066458B2B8FA600007331DA92B73F000100000000000000000001FFC000000000000000000000000000000000000000000040000000000020000000000000000000000000000000000000000000000000000000000000,
00000000000010800000000000000000000000000000000000000000000000000000DF9563935CEAFFFFD4ACC77559D6000074EA79F7F538000100000000000000000001FFC000000000000000000000000000000000000000000040000000000020000000000000000000000000000000000000000000000000000000000000,
0000000000001088000000000000000000000000000000000000000000000000FFFFE3E99BAB481DFFFF625D10ADCAF00000C7BE93485FC2000100000000000000000001FFC000000000000000000000000000000000000000000040000000000020000000000000000000000000000000000000000000000000000000000000,
0000000000001090000000000000000000000000000000000000000000000000FFFF6B1062FD0EB7FFFF7C2E4D81617E0000A12D1FA01DE5000100000000000000000001FFC000000000000000000000000000000000000000000040000000000020000000000000000000000000000000000000000000000000000000000000,
0000000000001098000000000000000000000000000000000000000000000000FFFFE2E7F3D0003C000019E321DEA37DFFFF02FABDDB426E000100000000000000000001FFC000000000000000000000000000000000000000000040000000000020000000000000000000000000000000000000000000000000000000000000,
00000000000010A00000000000000000000000000000000000000000000000000000259C3F4228C8FFFFC2939BA289A40000F5A8D9FEB154000100000000000000000001FFC000000000000000000000000000000000000000000040000000000020000000000000000000000000000000000000000000000000000000000000,
00000000000010A80000000000000000000000000000000000000000000000000000ABA5DA778865FFFF45249E4F1510FFFFDDFA671D1F21000100000000000000000001FFC000000000000000000000000000000000000000000040000000000020000000000000000000000000000000000000000000000000000000000000,
00000000000010B0000000000000000000000000000000000000000000000000000045FBF11CF919FFFF81576961048F0000D32D604C87D2000100000000000000000001FFC000000000000000000000000000000000000000000040000000000020000000000000000000000000000000000000000000000000000000000000,
00000000000010B8000000000000000000000000000000000000000000000000FFFF1CEBB2400C11000064E2757B446000003D96F2232708000100000000000000000001FFC000000000000000000000000000000000000000000040000000000020000000000000000000000000000000000000000000000000000000000000,
00000000000010C000000000000000000000000000000000000000000000000000009E3547949AEFFFFF36C77817DF340000040BC3A645CB000100000000000000000001FFC000000000000000000000000000000000000000000040000000000020000000000000000000000000000000000000000000000000000000000000,
00000000000010C80000000000000000000000000000000000000000000000000000A153968F51B3FFFF9491C8ED4D25FFFF58C328545A50000100000000000000000001FFC000000000000000000000000000000000000000000040000000000020000000000000000000000000000000000000000000000000000000000000,
00000000000010D00000000000000000000000000000000000000000000000000000CF6A19EEF2ABFFFF69FCF125F826FFFFFC95E3B3BC11000100000000000000000001FFC000000000000000000000000000000000000000000040000000000020000000000000000000000000000000000000000000000000000000000000,
00000000000010D8000000000000000000000000000000000000000000000000000092292CFC5F2CFFFFB573C839D3A2FFFF3B7DC9EEF0B7000100000000000000000001FFC000000000000000000000000000000000000000000040000000000020000000000000000000000000000000000000000000000000000000000000,
00000000000010E0000000000000000000000000000000000000000000000000FFFFE054AF46437E00004F4AA2177092FFFF0EA8790D8B98000100000000000000000001FFC000000000000000000000000000000000000000000040000000000020000000000000000000000000000000000000000000000000000000000000,
00000000000010E8000000000000000000000000000000000000000000000000FFFF2F50ED928BEE00008AEC2421C035FFFFCC286E5CF318000100000000000000000001FFC000000000000000000000000000000000000000000040000000000020000000000000000000000000000000000000000000000000000000000000,
00000000000010F00000000000000000000000000000000000000000000000000000F2386304911DFFFFDC7EBBC1C7F9FFFFB5229A0065BF000100000000000000000001FFC000000000000000000000000000000000000000000040000000000020000000000000000000000000000000000000000000000000000000000000,
00000000000010F8000000000000000000000000000000000000000000000000FFFF7544FD805BD00000563B9C6581160000C51D0FE07894000100000000000000000001FFC000000000000000000000000000000000000000000040000000000020000000000000000000000000000000000000000000000000000000000000,
0000000000001100000000000000000000000000000000000000000000000000FFFFEEB11AC4B6B4FFFF77AF26F982C50000D7FF1140E568000100000000000000000001FFC000000000000000000000000000000000000000000040000000000020000000000000000000000000000000000000000000000000000000000000,
0000000000001108000000000000000000000000000000000000000000000000FFFFDC75F72E457F0000DF08B04B844AFFFF8776E3F43506000100000000000000000001FFC000000000000000000000000000000000000000000040000000000020000000000000000000000000000000000000000000000000000000000000,
000000000000111000000000000000000000000000000000000000000000000000003328F0A92BF5FFFF062B5B1694220000166F4476E49C000100000000000000000001FFC000000000000000000000000000000000000000000040000000000020000000000000000000000000000000000000000000000000000000000000,
000000000000111800000000000000000000000000000000000000000000000000003BC6D41A7EDE0000C20C715B167500009BE8ED63EB31000100000000000000000001FFC000000000000000000000000000000000000000000040000000000020000000000000000000000000000000000000000000000000000000000000,
0000000000001120000000000000000000000000000000000000000000000000000096718DE04672FFFFE88515D8DB81FFFF32349573402C000100000000000000000001FFC000000000000000000000000000000000000000000040000000000020000000000000000000000000000000000000000000000000000000000000,
00000000000011280000000000000000000000000000000000000000000000000000359C0304B0930000DC920ACFF6870000765DE53F2E2A000100000000000000000001FFC000000000000000000000000000000000000000000040000000000020000000000000000000000000000000000000000000000000000000000000,
00000000000011300000000000000000000000000000000000000000000000000000F660D74743A8000020E56CE73858FFFFC2BFF5FBB6D2000100000000000000000001FFC000000000000000000000000000000000000000000040000000000020000000000000000000000000000000000000000000000000000000000000,
0000000000001138000000000000000000000000000000000000000000000000FFFF123C73C1A3FD0000286CA0164607000055D9996BFA01000100000000000000000001FFC000000000000000000000000000000000000000000040000000000020000000000000000000000000000000000000000000000000000000000000,
0000000000001140000000000000000000000000000000000000000000000000FFFF0A8D329E13D0FFFFD3B2E580494F000039B15EB839DF000100000000000000000001FFC000000000000000000000000000000000000000000040000000000020000000000000000000000000000000000000000000000000000000000000,
000000000000114800000000000000000000000000000000000000000000000000005AF4EBC66542FFFF702C3D376B11FFFF40BFF73794F8000100000000000000000001FFC000000000000000000000000000000000000000000040000000000020000000000000000000000000000000000000000000000000000000000000,
00000000000011500000000000000000000000000000000000000000000000000000CC4242CC116900002C515FEE035CFFFF6C2E8282389B000100000000000000000001FFC000000000000000000000000000000000000000000040000000000020000000000000000000000000000000000000000000000000000000000000,
0000000000001158000000000000000000000000000000000000000000000000FFFFCD589B566A90FFFF534047FEE3A60000B602D06D8D9F000100000000000000000001FFC000000000000000000000000000000000000000000040000000000020000000000000000000000000000000000000000000000000000000000000,
00000000000011600000000000000000000000000000000000000000000000000000F6F93D77AB5F00004273868DB96AFFFFF4DA2D4B0394000100000000000000000001FFC000000000000000000000000000000000000000000040000000000020000000000000000000000000000000000000000000000000000000000000,
0000000000001168000000000000000000000000000000000000000000000000FFFFAFA0E6374114FFFF3E2B20EE8F05000092A5FF9E21AA000100000000000000000001FFC000000000000000000000000000000000000000000040000000000020000000000000000000000000000000000000000000000000000000000000,
0000000000001170000000000000000000000000000000000000000000000000FFFF64E85EAFC6270000C3D585A46194000037F577AC741D000100000000000000000001FFC000000000000000000000000000000000000000000040000000000020000000000000000000000000000000000000000000000000000000000000,
0000000000001178000000000000000000000000000000000000000000000000FFFFE38524FE1AC50000BCDA917352050000AA77A961B7E9000100000000000000000001FFC000000000000000000000000000000000000000000040000000000020000000000000000000000000000000000000000000000000000000000000,
00000000000011800000000000000000000000000000000000000000000000000000437D4ED80E4400005B86E7273F300000E55B079A1B3F000100000000000000000001FFC000000000000000000000000000000000000000000040000000000020000000000000000000000000000000000000000000000000000000000000,
00000000000011880000000000000000000000000000000000000000000000000000619AC435669A0000C2FC76AC0F5200008620364EEE39000100000000000000000001FFC000000000000000000000000000000000000000000040000000000020000000000000000000000000000000000000000000000000000000000000,
0000000000001190000000000000000000000000000000000000000000000000FFFF68B5093E660C0000C5059377CEE1FFFFC21F358B4B0C000100000000000000000001FFC000000000000000000000000000000000000000000040000000000020000000000000000000000000000000000000000000000000000000000000,
00000000000011980000000000000000000000000000000000000000000000000000CB0EA67403DE0000061A0A6183F400009BC6F59B21CD000100000000000000000001FFC000000000000000000000000000000000000000000040000000000020000000000000000000000000000000000000000000000000000000000000,
00000000000011A0000000000000000000000000000000000000000000000000FFFF35518DA1AE10FFFF8BECED2D4EEA000068CCAF636214000100000000000000000001FFC000000000000000000000000000000000000000000040000000000020000000000000000000000000000000000000000000000000000000000000,
00000000000011A8000000000000000000000000000000000000000000000000FFFF2E653616608600003CA749B721F5000085E082D833F0000100000000000000000001FFC000000000000000000000000000000000000000000040000000000020000000000000000000000000000000000000000000000000000000000000,
00000000000011B0000000000000000000000000000000000000000000000000FFFFCDB4C7C5A91D000090816FDAA2980000CD3E306B4C57000100000000000000000001FFC000000000000000000000000000000000000000000040000000000020000000000000000000000000000000000000000000000000000000000000,
00000000000011B8000000000000000000000000000000000000000000000000FFFF11E55EE16B2EFFFFA371632F2C420000109A6311DF46000100000000000000000001FFC000000000000000000000000000000000000000000040000000000020000000000000000000000000000000000000000000000000000000000000,
00000000000011C0000000000000000000000000000000000000000000000000FFFFEED55A13EC65FFFF08E2ECBE5A220000409F99CAABB4000100000000000000000001FFC000000000000000000000000000000000000000000040000000000020000000000000000000000000000000000000000000000000000000000000,
00000000000011C8000000000000000000000000000000000000000000000000000097FE21F187820000CD2547547052FFFFED4E2766DB51000100000000000000000001FFC000000000000000000000000000000000000000000040000000000020000000000000000000000000000000000000000000000000000000000000,
00000000000011D0000000000000000000000000000000000000000000000000FFFFDAB5B024FF500000CA6276EAFA84FFFF67BB1833E3D0000100000000000000000001FFC000000000000000000000000000000000000000000040000000000020000000000000000000000000000000000000000000000000000000000000,
00000000000011D800000000000000000000000000000000000000000000000000007D171DFFB0F50000C2BAD02D1D6400006D66D9C7BBC9000100000000000000000001FFC000000000000000000000000000000000000000000040000000000020000000000000000000000000000000000000000000000000000000000000,
00000000000011E000000000000000000000000000000000000000000000000000008D8C1A772BA0000006AC5535A795FFFF2ACBD769B00C000100000000000000000001FFC000000000000000000000000000000000000000000040000000000020000000000000000000000000000000000000000000000000000000000000,
00000000000011E8000000000000000000000000000000000000000000000000000018D3103F49B1FFFFF622EBA195EEFFFF0165BFAD5015000100000000000000000001FFC000000000000000000000000000000000000000000040000000000020000000000000000000000000000000000000000000000000000000000000,
00000000000011F00000000000000000000000000000000000000000000000000000D2496ADA5C47FFFF72A33A5A85B20000247F9EDB5FEF000100000000000000000001FFC000000000000000000000000000000000000000000040000000000020000000000000000000000000000000000000000000000000000000000000,
00000000000011F8000000000000000000000000000000000000000000000000FFFF4B069D0FD4F6FFFF7B7C04B0C42200007B62AF883C31000100000000000000000001FFC000000000000000000000000000000000000000000040000000000020000000000000000000000000000000000000000000000000000000000000,
0000000000001200000000000000000000000000000000000000000000000000000080B7BD3BDFB500004120AF41C8B30000D37C4C0DB2B8000100000000000000000001FFC000000000000000000000000000000000000000000040000000000020000000000000000000000000000000000000000000000000000000000000,
000000000000120800000000000000000000000000000000000000000000000000006D086B3E29C30000CBE4FCAD323800006DE2BE41BC9F000100000000000000000001FFC000000000000000000000000000000000000000000040000000000020000000000000000000000000000000000000000000000000000000000000,
0000000000001210000000000000000000000000000000000000000000000000FFFFE0158ACDC4AB0000E0D1FA5E9441000076355ECA892B000100000000000000000001FFC000000000000000000000000000000000000000000040000000000020000000000000000000000000000000000000000000000000000000000000,
0000000000001218000000000000000000000000000000000000000000000000000019F47E3305C8000095610E3F23A10000CE45ADAC056D000100000000000000000001FFC000000000000000000000000000000000000000000040000000000020000000000000000000000000000000000000000000000000000000000000,
0000000000001220000000000000000000000000000000000000000000000000FFFFC7D75DED7C6CFFFF0984CDA9F8B90000285D02A3CE3D000100000000000000000001FFC000000000000000000000000000000000000000000040000000000020000000000000000000000000000000000000000000000000000000000000,
00000000000012280000000000000000000000000000000000000000000000000000FFC5D461431200000A0C7A9158E2FFFFFC16431FFB32000100000000000000000001FFC000000000000000000000000000000000000000000040000000000020000000000000000000000000000000000000000000000000000000000000,
00000000000012300000000000000000000000000000000000000000000000000000CFB67669A726FFFFD3CE159BBF36FFFF7109A6AE3352000100000000000000000001FFC000000000000000000000000000000000000000000040000000000020000000000000000000000000000000000000000000000000000000000000,
00000000000012380000000000000000000000000000000000000000000000000000E34D9DF3339800007134DCB75B6CFFFFDF8AA4D9B0DE000100000000000000000001FFC000000000000000000000000000000000000000000040000000000020000000000000000000000000000000000000000000000000000000000000,
0000000000001240000000000000000000000000000000000000000000000000FFFFFC2E88C79D51FFFF0007537474A1FFFFFFBB26EDB4DA000100000000000000000001FFC000000000000000000000000000000000000000000040000000000020000000000000000000000000000000000000000000000000000000000000,
0000000000001248000000000000000000000000000000000000000000000000FFFF74EA13624802FFFF66E0BB241A9BFFFF692FACC94642000100000000000000000001FFC000000000000000000000000000000000000000000040000000000020000000000000000000000000000000000000000000000000000000000000,
0000000000001250000000000000000000000000000000000000000000000000FFFF7879B39FEC47FFFF27334709609AFFFFF314040EB341000100000000000000000001FFC000000000000000000000000000000000000000000040000000000020000000000000000000000000000000000000000000000000000000000000,
0000000000001258000000000000000000000000000000000000000000000000FFFF53C75E4DED8400002F1A76FF2AEEFFFF488A8D5F76CE000100000000000000000001FFC000000000000000000000000000000000000000000040000000000020000000000000000000000000000000000000000000000000000000000000,
0000000000001260000000000000000000000000000000000000000000000000FFFF40F4EFCC611F00001990C6B6E1B40000A87A693D1FE6000100000000000000000001FFC000000000000000000000000000000000000000000040000000000020000000000000000000000000000000000000000000000000000000000000,
0000000000001268000000000000000000000000000000000000000000000000FFFF78B21B3720B00000541724018A330000C864BD35A9D7000100000000000000000001FFC000000000000000000000000000000000000000000040000000000020000000000000000000000000000000000000000000000000000000000000,
0000000000001270000000000000000000000000000000000000000000000000FFFFE0DB7FFCC923FFFF8372D53D559FFFFF22854C9E3D3A000100000000000000000001FFC000000000000000000000000000000000000000000040000000000020000000000000000000000000000000000000000000000000000000000000,
000000000000127800000000000000000000000000000000000000000000000000005543374097C000004D6C18B4502D0000E4A182F38F62000100000000000000000001FFC000000000000000000000000000000000000000000040000000000020000000000000000000000000000000000000000000000000000000000000,
00000000000012800000000000000000000000000000000000000000000000000000FFCE2D73E12F000009F2515E9E7FFFFFFF2DF911D596000100000000000000000001FFC000000000000000000000000000000000000000000040000000000020000000000000000000000000000000000000000000000000000000000000,
00000000000012880000000000000000000000000000000000000000000000000000791E97510334FFFF206F1F4605A0FFFFE24318B2E729000100000000000000000001FFC000000000000000000000000000000000000000000040000000000020000000000000000000000000000000000000000000000000000000000000,
0000000000001290000000000000000000000000000000000000000000000000FFFF039F0C6C66C000001AC66E3A2393FFFFDE790649DD39000100000000000000000001FFC000000000000000000000000000000000000000000040000000000020000000000000000000000000000000000000000000000000000000000000,
0000000000001298000000000000000000000000000000000000000000000000FFFFEB6F292DD785FFFF21AEAB3E49BC00007D40557C205E000100000000000000000001FFC000000000000000000000000000000000000000000040000000000020000000000000000000000000000000000000000000000000000000000000,
00000000000012A00000000000000000000000000000000000000000000000000000E0BD9828EBD7000064D88B7072ACFFFFBA4D631954FC000100000000000000000001FFC000000000000000000000000000000000000000000040000000000020000000000000000000000000000000000000000000000000000000000000,
00000000000012A80000000000000000000000000000000000000000000000000000334FB199DAD00000630B21BAB4C80000E66B9C2C2A60000100000000000000000001FFC000000000000000000000000000000000000000000040000000000020000000000000000000000000000000000000000000000000000000000000,
00000000000012B0000000000000000000000000000000000000000000000000FFFFF5246D555E270000FFB3604104EEFFFFFA0FAEBC1237000100000000000000000001FFC000000000000000000000000000000000000000000040000000000020000000000000000000000000000000000000000000000000000000000000,
00000000000012B8000000000000000000000000000000000000000000000000FFFF4169C58045DB0000A78051F10E08000021FFF7A2D5C3000100000000000000000001FFC000000000000000000000000000000000000000000040000000000020000000000000000000000000000000000000000000000000000000000000,
00000000000012C0000000000000000000000000000000000000000000000000FFFF4EC0935697900000067EA32DBAABFFFF476679473E37000100000000000000000001FFC000000000000000000000000000000000000000000040000000000020000000000000000000000000000000000000000000000000000000000000,
00000000000012C800000000000000000000000000000000000000000000000000004D3CF8AF772800006DDB66AB79FDFFFF260D18CF86B7000100000000000000000001FFC000000000000000000000000000000000000000000040000000000020000000000000000000000000000000000000000000000000000000000000,
00000000000012D000000000000000000000000000000000000000000000000000004B99FDC37B28FFFFCCAB039BEEBD0000EF2280230541000100000000000000000001FFC000000000000000000000000000000000000000000040000000000020000000000000000000000000000000000000000000000000000000000000,
00000000000012D80000000000000000000000000000000000000000000000000000268B88BBB715FFFFE8DA64CC10D80000FC05553F3CDE000100000000000000000001FFC000000000000000000000000000000000000000000040000000000020000000000000000000000000000000000000000000000000000000000000,
00000000000012E000000000000000000000000000000000000000000000000000007FC125A4D7380000CC387E722CDDFFFFA958E277ADD5000100000000000000000001FFC000000000000000000000000000000000000000000040000000000020000000000000000000000000000000000000000000000000000000000000,
00000000000012E80000000000000000000000000000000000000000000000000000717D9D5823F70000B164CB65019FFFFF6E70FA29FEAE000100000000000000000001FFC000000000000000000000000000000000000000000040000000000020000000000000000000000000000000000000000000000000000000000000,
00000000000012F0000000000000000000000000000000000000000000000000FFFFA94381D5B117FFFFE8DF02B7D81A0000EFBED450D371000100000000000000000001FFC000000000000000000000000000000000000000000040000000000020000000000000000000000000000000000000000000000000000000000000,
00000000000012F800000000000000000000000000000000000000000000000000006001740A3C330000C24886EC5C1EFFFF77B7B169E012000100000000000000000001FFC000000000000000000000000000000000000000000040000000000020000000000000000000000000000000000000000000000000000000000000,
00000000000013000000000000000000000000000000000000000000000000000000C64B5BCC0FC70000219616A5475600009E63C4F1B451000100000000000000000001FFC000000000000000000000000000000000000000000040000000000020000000000000000000000000000000000000000000000000000000000000,
000000000000130800000000000000000000000000000000000000000000000000000CA606A432D600002923E8ACBB980000FC5B1B488992000100000000000000000001FFC000000000000000000000000000000000000000000040000000000020000000000000000000000000000000000000000000000000000000000000,
0000000000001310000000000000000000000000000000000000000000000000FFFF63742F6EE93300003899169E6BB7FFFF3D82D14A8B88000100000000000000000001FFC000000000000000000000000000000000000000000040000000000020000000000000000000000000000000000000000000000000000000000000,
00000000000013180000000000000000000000000000000000000000000000000000A5E02B44D74B00004954F6AB941A0000B4ACF903C352000100000000000000000001FFC000000000000000000000000000000000000000000040000000000020000000000000000000000000000000000000000000000000000000000000,
0000000000001320000000000000000000000000000000000000000000000000FFFF924F2CAFDA640000C1FCBF94FB31FFFF82032D3CE71F000100000000000000000001FFC000000000000000000000000000000000000000000040000000000020000000000000000000000000000000000000000000000000000000000000,
0000000000001328000000000000000000000000000000000000000000000000000007264E1C9874FFFF0166F9FF934E000019C8FA0CB2CE000100000000000000000001FFC000000000000000000000000000000000000000000040000000000020000000000000000000000000000000000000000000000000000000000000,
00000000000013300000000000000000000000000000000000000000000000000000EB252FCCA149FFFF9F23C8BC022E00001D56E7890DFB000100000000000000000001FFC000000000000000000000000000000000000000000040000000000020000000000000000000000000000000000000000000000000000000000000,
0000000000001338000000000000000000000000000000000000000000000000FFFF234C12307662FFFFECD0A6CDA0DD0000804A1B59B1DB000100000000000000000001FFC000000000000000000000000000000000000000000040000000000020000000000000000000000000000000000000000000000000000000000000,
00000000000013400000000000000000000000000000000000000000000000000000277301EA6EECFFFF130E147C5BDF000058869D44239C000100000000000000000001FFC000000000000000000000000000000000000000000040000000000020000000000000000000000000000000000000000000000000000000000000,
0000000000001348000000000000000000000000000000000000000000000000FFFF17E44D3CB8C1FFFF9402CCF4408AFFFFFF9D817C3F53000100000000000000000001FFC000000000000000000000000000000000000000000040000000000020000000000000000000000000000000000000000000000000000000000000,
0000000000001350000000000000000000000000000000000000000000000000FFFFE97486A7630EFFFF4EE209DA9D820000B7758F96F467000100000000000000000001FFC000000000000000000000000000000000000000000040000000000020000000000000000000000000000000000000000000000000000000000000,
0000000000001358000000000000000000000000000000000000000000000000FFFFAEADF1A55E3300009324AE3DD954FFFF3EF0DD466457000100000000000000000001FFC000000000000000000000000000000000000000000040000000000020000000000000000000000000000000000000000000000000000000000000,
00000000000013600000000000000000000000000000000000000000000000000000261B75E6A6A300004A17F1ED7BDE0000F20FDB7C788B000100000000000000000001FFC000000000000000000000000000000000000000000040000000000020000000000000000000000000000000000000000000000000000000000000,
00000000000013680000000000000000000000000000000000000000000000000000C3D25CDF410B0000A4E2793BE9CB000001B3D377E98C000100000000000000000001FFC000000000000000000000000000000000000000000040000000000020000000000000000000000000000000000000000000000000000000000000,
0000000000001370000000000000000000000000000000000000000000000000FFFFA40554BAD15FFFFF4ED86D39DF63FFFF5FB665F5E722000100000000000000000001FFC000000000000000000000000000000000000000000040000000000020000000000000000000000000000000000000000000000000000000000000,
0000000000001378000000000000000000000000000000000000000000000000FFFF74CDE70E11F00000D0E67B3B635CFFFFCDC9CD1F1974000100000000000000000001FFC000000000000000000000000000000000000000000040000000000020000000000000000000000000000000000000000000000000000000000000,
0000000000001380000000000000000000000000000000000000000000000000FFFF48BE3B2D5609FFFF9E98BDB36C52000095E28A9A7875000100000000000000000001FFC000000000000000000000000000000000000000000040000000000020000000000000000000000000000000000000000000000000000000000000,
0000000000001388000000000000000000000000000000000000000000000000000010149CC60199FFFF59DD0D6669ED0000C21A6F415DA0000100000000000000000001FFC000000000000000000000000000000000000000000040000000000020000000000000000000000000000000000000000000000000000000000000,
0000000000001390000000000000000000000000000000000000000000000000FFFF2F83A1C9393F0000948CBE2D756CFFFFFE60DBC6D166000100000000000000000001FFC000000000000000000000000000000000000000000040000000000020000000000000000000000000000000000000000000000000000000000000,
0000000000001398000000000000000000000000000000000000000000000000FFFF15EF6E8AEE7800005F5795C270ADFFFFD74311B5D18B000100000000000000000001FFC000000000000000000000000000000000000000000040000000000020000000000000000000000000000000000000000000000000000000000000,
00000000000013A0000000000000000000000000000000000000000000000000000060EC7833FF8EFFFF565A834D11A7FFFF5A95F2241CA2000100000000000000000001FFC000000000000000000000000000000000000000000040000000000020000000000000000000000000000000000000000000000000000000000000,
00000000000013A8000000000000000000000000000000000000000000000000FFFF0FB43A693767FFFFE54869B9FF1D0000542497E539D7000100000000000000000001FFC000000000000000000000000000000000000000000040000000000020000000000000000000000000000000000000000000000000000000000000,
00000000000013B0000000000000000000000000000000000000000000000000000032E59C040F810000453784A677BE0000F1270A6B2617000100000000000000000001FFC000000000000000000000000000000000000000000040000000000020000000000000000000000000000000000000000000000000000000000000,
00000000000013B800000000000000000000000000000000000000000000000000001D1622C564420000486996C9F3A90000F3D0FC6F63A5000100000000000000000001FFC000000000000000000000000000000000000000000040000000000020000000000000000000000000000000000000000000000000000000000000,
00000000000013C0000000000000000000000000000000000000000000000000FFFFA86F9DFFB67AFFFF232DED07081500005F6DFA3A5E35000100000000000000000001FFC000000000000000000000000000000000000000000040000000000020000000000000000000000000000000000000000000000000000000000000,
00000000000013C80000000000000000000000000000000000000000000000000000BA20122A0240FFFF98A0A15D5FAFFFFF71D8CF6843CA000100000000000000000001FFC000000000000000000000000000000000000000000040000000000020000000000000000000000000000000000000000000000000000000000000,
00000000000013D0000000000000000000000000000000000000000000000000FFFF6EFE56A73058FFFF3630DE8A439AFFFFC28018F0278B000100000000000000000001FFC000000000000000000000000000000000000000000040000000000020000000000000000000000000000000000000000000000000000000000000,
00000000000013D800000000000000000000000000000000000000000000000000000EC250F440130000D6195D51B0E700008B91E45A508C000100000000000000000001FFC000000000000000000000000000000000000000000040000000000020000000000000000000000000000000000000000000000000000000000000,
00000000000013E0000000000000000000000000000000000000000000000000FFFF3D39E256312300006D8E4733F462FFFF831D0773FB94000100000000000000000001FFC000000000000000000000000000000000000000000040000000000020000000000000000000000000000000000000000000000000000000000000,
00000000000013E8000000000000000000000000000000000000000000000000FFFFD63594B7F5F8FFFF6DD3764E40330000CDF7BD35F4E9000100000000000000000001FFC000000000000000000000000000000000000000000040000000000020000000000000000000000000000000000000000000000000000000000000,
00000000000013F0000000000000000000000000000000000000000000000000FFFF154E687C9345000017DFEB510124FFFF9C93CEEF1930000100000000000000000001FFC000000000000000000000000000000000000000000040000000000020000000000000000000000000000000000000000000000000000000000000,
00000000000013F8000000000000000000000000000000000000000000000000FFFF60AD739461E6FFFFD156DE5562AB0000C2DF423FDD08000100000000000000000001FFC000000000000000000000000000000000000000000040000000000020000000000000000000000000000000000000000000000000000000000000,
00000000000014000000000000000000000000000000000000000000000000000000FB0CFDEEB4EBFFFFD18D4A4BFC1BFFFFED3C5B2D9EE1000100000000000000000001FFC000000000000000000000000000000000000000000040000000000020000000000000000000000000000000000000000000000000000000000000,
00000000000014080000000000000000000000000000000000000000000000000000603E36317E29FFFF1881C22D26E5FFFFCC30CC09D558000100000000000000000001FFC000000000000000000000000000000000000000000040000000000020000000000000000000000000000000000000000000000000000000000000,
000000000000141000000000000000000000000000000000000000000000000000009F14B73331C900009E6D0653BB8F00007B0190226CEA000100000000000000000001FFC000000000000000000000000000000000000000000040000000000020000000000000000000000000000000000000000000000000000000000000,
000000000000141800000000000000000000000000000000000000000000000000002A38AA976705FFFF38D0B50783DF00009B2C66CD78B9000100000000000000000001FFC000000000000000000000000000000000000000000040000000000020000000000000000000000000000000000000000000000000000000000000,
0000000000001420000000000000000000000000000000000000000000000000FFFF46DBD292022E0000953B03BA99ABFFFFA130A19FF653000100000000000000000001FFC000000000000000000000000000000000000000000040000000000020000000000000000000000000000000000000000000000000000000000000,
0000000000001428000000000000000000000000000000000000000000000000FFFFC157CB7B5762000071F54A9852000000DC81F636E882000100000000000000000001FFC000000000000000000000000000000000000000000040000000000020000000000000000000000000000000000000000000000000000000000000,
00000000000014300000000000000000000000000000000000000000000000000000DDD7614192F900007962B1D1E335FFFFD82689D31579000100000000000000000001FFC000000000000000000000000000000000000000000040000000000020000000000000000000000000000000000000000000000000000000000000,
00000000000014380000000000000000000000000000000000000000000000000000A5BAF2C7003F000073CF68936732FFFF62F9168CCD50000100000000000000000001FFC000000000000000000000000000000000000000000040000000000020000000000000000000000000000000000000000000000000000000000000,
00000000000014400000000000000000000000000000000000000000000000000000A71FFE31AC840000BABEB65A2070FFFFCBBC5520F8E3000100000000000000000001FFC000000000000000000000000000000000000000000040000000000020000000000000000000000000000000000000000000000000000000000000,
000000000000144800000000000000000000000000000000000000000000000000004B6D86067B25FFFF0E55439B74FC000025FF1B0D4863000100000000000000000001FFC000000000000000000000000000000000000000000040000000000020000000000000000000000000000000000000000000000000000000000000,
00000000000014500000000000000000000000000000000000000000000000000000671C74819CA400000E4F15493C990000E9E100505F6C000100000000000000000001FFC000000000000000000000000000000000000000000040000000000020000000000000000000000000000000000000000000000000000000000000,
000000000000145800000000000000000000000000000000000000000000000000000E54A1E9CDDF0000DD46DAF244EE00007FEF37935864000100000000000000000001FFC000000000000000000000000000000000000000000040000000000020000000000000000000000000000000000000000000000000000000000000,
0000000000001460000000000000000000000000000000000000000000000000FFFFB976C22D772CFFFF5CAAFAAFF6000000B812F930227E000100000000000000000001FFC000000000000000000000000000000000000000000040000000000020000000000000000000000000000000000000000000000000000000000000,
0000000000001468000000000000000000000000000000000000000000000000FFFF06F4F85923CBFFFFEDFDD2ABFB1C000038792B30C3C3000100000000000000000001FFC000000000000000000000000000000000000000000040000000000020000000000000000000000000000000000000000000000000000000000000,
0000000000001470000000000000000000000000000000000000000000000000000029CF7FA1320C0000462FE928E38BFFFF0D62C4D1D6FC000100000000000000000001FFC000000000000000000000000000000000000000000040000000000020000000000000000000000000000000000000000000000000000000000000,
00000000000014780000000000000000000000000000000000000000000000000000E9CCD181404100006783AE25D02EFFFFF36B128E9A12000100000000000000000001FFC000000000000000000000000000000000000000000040000000000020000000000000000000000000000000000000000000000000000000000000,
0000000000001480000000000000000000000000000000000000000000000000000077D9B06C7974FFFF4CD642BB3C5FFFFF75E593CBF8CA000100000000000000000001FFC000000000000000000000000000000000000000000040000000000020000000000000000000000000000000000000000000000000000000000000,
0000000000001488000000000000000000000000000000000000000000000000FFFFD15CCE78E047FFFFDAE8077C0E65FFFF070838A2F3F4000100000000000000000001FFC000000000000000000000000000000000000000000040000000000020000000000000000000000000000000000000000000000000000000000000,
000000000000149000000000000000000000000000000000000000000000000000001ED43FECFA36000097078CFAC1EEFFFF339BEB0E3ADF000100000000000000000001FFC000000000000000000000000000000000000000000040000000000020000000000000000000000000000000000000000000000000000000000000,
0000000000001498000000000000000000000000000000000000000000000000000011BBDE053181FFFF00E189DE2379FFFFF458A006071A000100000000000000000001FFC000000000000000000000000000000000000000000040000000000020000000000000000000000000000000000000000000000000000000000000,
00000000000014A0000000000000000000000000000000000000000000000000FFFFD0D8FC311317FFFFBD2D613FB868FFFF0D6A4C2DFB9C000100000000000000000001FFC000000000000000000000000000000000000000000040000000000020000000000000000000000000000000000000000000000000000000000000,
00000000000014A8000000000000000000000000000000000000000000000000000097721F6D698400006B3CF800295C0000B05A3339D904000100000000000000000001FFC000000000000000000000000000000000000000000040000000000020000000000000000000000000000000000000000000000000000000000000,
00000000000014B000000000000000000000000000000000000000000000000000000E251E5DC42CFFFFAA52F91AA29D0000F0D29AF0672C000100000000000000000001FFC000000000000000000000000000000000000000000040000000000020000000000000000000000000000000000000000000000000000000000000,
00000000000014B80000000000000000000000000000000000000000000000000000EE31E59C7B5300001948B3987A0A00005A550A7A6E41000100000000000000000001FFC000000000000000000000000000000000000000000040000000000020000000000000000000000000000000000000000000000000000000000000,
00000000000014C000000000000000000000000000000000000000000000000000009937247215A3000079D236EC2F02FFFF5B0360363297000100000000000000000001FFC000000000000000000000000000000000000000000040000000000020000000000000000000000000000000000000000000000000000000000000,
00000000000014C80000000000000000000000000000000000000000000000000000032E8B42851F0000BFAC774D1BD50000A9AAE3367F93000100000000000000000001FFC000000000000000000000000000000000000000000040000000000020000000000000000000000000000000000000000000000000000000000000,
00000000000014D0000000000000000000000000000000000000000000000000FFFF59DC43ECAE53FFFF7012C501A5CD0000833860AD0AD7000100000000000000000001FFC000000000000000000000000000000000000000000040000000000020000000000000000000000000000000000000000000000000000000000000,
00000000000014D80000000000000000000000000000000000000000000000000000853A2103DFB9FFFF2B69C0834991FFFFCD1332E36A65000100000000000000000001FFC000000000000000000000000000000000000000000040000000000020000000000000000000000000000000000000000000000000000000000000,
00000000000014E00000000000000000000000000000000000000000000000000000FF8885F74E100000027A53F0908CFFFFF0BFB84D8EF5000100000000000000000001FFC000000000000000000000000000000000000000000040000000000020000000000000000000000000000000000000000000000000000000000000,
00000000000014E8000000000000000000000000000000000000000000000000FFFF15D83EC7FF3100000B39BF0D1135FFFF992276A96638000100000000000000000001FFC000000000000000000000000000000000000000000040000000000020000000000000000000000000000000000000000000000000000000000000,
00000000000014F00000000000000000000000000000000000000000000000000000B07B58D761B2FFFFCF9E47CFC5C6FFFF4CFA02EE9D3C000100000000000000000001FFC000000000000000000000000000000000000000000040000000000020000000000000000000000000000000000000000000000000000000000000,
00000000000014F8000000000000000000000000000000000000000000000000FFFF6CBFC0F50DB7FFFFB388CB973B59FFFF3D0C5E5B4FBE000100000000000000000001FFC000000000000000000000000000000000000000000040000000000020000000000000000000000000000000000000000000000000000000000000,
00000000000015000000000000000000000000000000000000000000000000000000606EDCAF8F4BFFFFC23CC9C6ABA5FFFF1B0A9749567E000100000000000000000001FFC000000000000000000000000000000000000000000040000000000020000000000000000000000000000000000000000000000000000000000000,
0000000000001508000000000000000000000000000000000000000000000000FFFF1B41E74D257C00002E198FBABA36FFFF96B3BE42DBE0000100000000000000000001FFC000000000000000000000000000000000000000000040000000000020000000000000000000000000000000000000000000000000000000000000,
0000000000001510000000000000000000000000000000000000000000000000FFFF510BE3CF7FB60000900736639858FFFF88E8323A79CC000100000000000000000001FFC000000000000000000000000000000000000000000040000000000020000000000000000000000000000000000000000000000000000000000000,
00000000000015180000000000000000000000000000000000000000000000000000963002482385FFFF5B518D370F9200007DEF772C37E7000100000000000000000001FFC000000000000000000000000000000000000000000040000000000020000000000000000000000000000000000000000000000000000000000000,
0000000000001520000000000000000000000000000000000000000000000000FFFF503C8D12C45A000082B162F30B2BFFFF7B79E6C98D4B000100000000000000000001FFC000000000000000000000000000000000000000000040000000000020000000000000000000000000000000000000000000000000000000000000,
0000000000001528000000000000000000000000000000000000000000000000FFFFF26114B42C580000DE50EEA6F4E0FFFF81CD3D1194C8000100000000000000000001FFC000000000000000000000000000000000000000000040000000000020000000000000000000000000000000000000000000000000000000000000,
0000000000001530000000000000000000000000000000000000000000000000FFFFA527DD2016DB00008EA206EB3149FFFF3FCDEA046228000100000000000000000001FFC000000000000000000000000000000000000000000040000000000020000000000000000000000000000000000000000000000000000000000000,
00000000000015380000000000000000000000000000000000000000000000000000F57C6381B7D4FFFFB84C080F555AFFFFF489F8A088FA000100000000000000000001FFC000000000000000000000000000000000000000000040000000000020000000000000000000000000000000000000000000000000000000000000,
00000000000015400000000000000000000000000000000000000000000000000000D431994DC58D00008F331AE81AA5FFFFFE14DEDE24DB000100000000000000000001FFC000000000000000000000000000000000000000000040000000000020000000000000000000000000000000000000000000000000000000000000,
0000000000001548000000000000000000000000000000000000000000000000FFFFF46FC03139ED0000FFB1CC68C553000004C0E5BE37E2000100000000000000000001FFC000000000000000000000000000000000000000000040000000000020000000000000000000000000000000000000000000000000000000000000,
000000000000155000000000000000000000000000000000000000000000000000008CD98C39D6A8FFFF7322896971340000A0CAFC6969A6000100000000000000000001FFC000000000000000000000000000000000000000000040000000000020000000000000000000000000000000000000000000000000000000000000,
00000000000015580000000000000000000000000000000000000000000000000000A72F0B07E46F0000B93206A3BDADFFFFC6A820B869B9000100000000000000000001FFC000000000000000000000000000000000000000000040000000000020000000000000000000000000000000000000000000000000000000000000,
0000000000001560000000000000000000000000000000000000000000000000000053613BDCD276FFFF6E181BEA72D0FFFF3EE14E2A2E19000100000000000000000001FFC000000000000000000000000000000000000000000040000000000020000000000000000000000000000000000000000000000000000000000000,
00000000000015680000000000000000000000000000000000000000000000000000E7B467742015FFFFCC73B861118700005FDFA0E42D18000100000000000000000001FFC000000000000000000000000000000000000000000040000000000020000000000000000000000000000000000000000000000000000000000000,
0000000000001570000000000000000000000000000000000000000000000000FFFF964D21B8B9DC0000AEFDB79C512200009A1586812AD6000100000000000000000001FFC000000000000000000000000000000000000000000040000000000020000000000000000000000000000000000000000000000000000000000000,
0000000000001578000000000000000000000000000000000000000000000000FFFFBDB38A58BE9B00009482F9802B640000C5B2DF86D978000100000000000000000001FFC000000000000000000000000000000000000000000040000000000020000000000000000000000000000000000000000000000000000000000000,
00000000000015800000000000000000000000000000000000000000000000000000496F2262C934FFFF225AD4299906000068F60B94BC33000100000000000000000001FFC000000000000000000000000000000000000000000040000000000020000000000000000000000000000000000000000000000000000000000000,
0000000000001588000000000000000000000000000000000000000000000000FFFF64D623594900FFFF372FDDB68D22FFFFDE51A8F548D2000100000000000000000001FFC000000000000000000000000000000000000000000040000000000020000000000000000000000000000000000000000000000000000000000000,
00000000000015900000000000000000000000000000000000000000000000000000EAF52B3D738BFFFFA0A5C2837D790000233244E70E19000100000000000000000001FFC000000000000000000000000000000000000000000040000000000020000000000000000000000000000000000000000000000000000000000000,
0000000000001598000000000000000000000000000000000000000000000000000090A11270DCB90000A65725EB4B4A0000823078039B2D000100000000000000000001FFC000000000000000000000000000000000000000000040000000000020000000000000000000000000000000000000000000000000000000000000,
00000000000015A0000000000000000000000000000000000000000000000000000010581B66A32EFFFF347AF43644D500009A6E0E35F5FE000100000000000000000001FFC000000000000000000000000000000000000000000040000000000020000000000000000000000000000000000000000000000000000000000000,
00000000000015A8000000000000000000000000000000000000000000000000FFFF57A2A1E1CEDE00005BE57C0B1AA30000A98AA935BA8B000100000000000000000001FFC000000000000000000000000000000000000000000040000000000020000000000000000000000000000000000000000000000000000000000000,
00000000000015B0000000000000000000000000000000000000000000000000FFFF6EBC9D113F3E0000B598E223AF9900006B09A13259A9000100000000000000000001FFC000000000000000000000000000000000000000000040000000000020000000000000000000000000000000000000000000000000000000000000,
00000000000015B8000000000000000000000000000000000000000000000000FFFF733EDED16235FFFF36C56EC7491D00004853ACD4027F000100000000000000000001FFC000000000000000000000000000000000000000000040000000000020000000000000000000000000000000000000000000000000000000000000,
00000000000015C0000000000000000000000000000000000000000000000000FFFF499CBF92814FFFFFBE10901487A70000A71A40B84F4A000100000000000000000001FFC000000000000000000000000000000000000000000040000000000020000000000000000000000000000000000000000000000000000000000000,
00000000000015C80000000000000000000000000000000000000000000000000000913F11A9F0F6FFFFBC970431C120FFFF3843013E5251000100000000000000000001FFC000000000000000000000000000000000000000000040000000000020000000000000000000000000000000000000000000000000000000000000,
00000000000015D0000000000000000000000000000000000000000000000000FFFFF726E65A1A74000019CC77E602370000FE8B020DF2A7000100000000000000000001FFC000000000000000000000000000000000000000000040000000000020000000000000000000000000000000000000000000000000000000000000,
00000000000015D8000000000000000000000000000000000000000000000000FFFFE2A68A78779200002ACB6DDD23C8FFFF055081FE8892000100000000000000000001FFC000000000000000000000000000000000000000000040000000000020000000000000000000000000000000000000000000000000000000000000,
00000000000015E000000000000000000000000000000000000000000000000000000B76EE91E98FFFFF00CBA83477B8000010972AFD465C000100000000000000000001FFC000000000000000000000000000000000000000000040000000000020000000000000000000000000000000000000000000000000000000000000,
00000000000015E8000000000000000000000000000000000000000000000000FFFFB92A5BAFB4860000143F3BDAC985FFFF0AD4606BDBD4000100000000000000000001FFC000000000000000000000000000000000000000000040000000000020000000000000000000000000000000000000000000000000000000000000,
00000000000015F00000000000000000000000000000000000000000000000000000D5B1054D5ACBFFFFF3E9D627B3A300008C72E3FDCE3D000100000000000000000001FFC000000000000000000000000000000000000000000040000000000020000000000000000000000000000000000000000000000000000000000000,
00000000000015F8000000000000000000000000000000000000000000000000000085D8DBDB9D6F00007C5E90E313780000B3502A841DDA000100000000000000000001FFC000000000000000000000000000000000000000000040000000000020000000000000000000000000000000000000000000000000000000000000,
000000000000160000000000000000000000000000000000000000000000000000003477EE3A94360000F4D170DC64AE0000355BCEC77BCC000100000000000000000001FFC000000000000000000000000000000000000000000040000000000020000000000000000000000000000000000000000000000000000000000000,
00000000000016080000000000000000000000000000000000000000000000000000F886E8DE72DDFFFFE752525C5220FFFFC7C643DAE3C6000100000000000000000001FFC000000000000000000000000000000000000000000040000000000020000000000000000000000000000000000000000000000000000000000000,
0000000000001610000000000000000000000000000000000000000000000000000005D0607113A50000FE46CCFB98F4FFFFE2EB9C04A989000100000000000000000001FFC000000000000000000000000000000000000000000040000000000020000000000000000000000000000000000000000000000000000000000000,
00000000000016180000000000000000000000000000000000000000000000000000D7F496635E74000070A3D21B897AFFFFB12FD8F75280000100000000000000000001FFC000000000000000000000000000000000000000000040000000000020000000000000000000000000000000000000000000000000000000000000,
000000000000162000000000000000000000000000000000000000000000000000006A0D45444CA2FFFF2F507E7A0370000067A17B647238000100000000000000000001FFC000000000000000000000000000000000000000000040000000000020000000000000000000000000000000000000000000000000000000000000,
0000000000001628000000000000000000000000000000000000000000000000FFFF9D93A6BF3DE0FFFFF23DB57B2F64FFFF1413C4BE0111000100000000000000000001FFC000000000000000000000000000000000000000000040000000000020000000000000000000000000000000000000000000000000000000000000,
0000000000001630000000000000000000000000000000000000000000000000FFFF1ECB5B2BF1C4FFFF90907446B7ABFFFFCF014F4143EE000100000000000000000001FFC000000000000000000000000000000000000000000040000000000020000000000000000000000000000000000000000000000000000000000000,
0000000000001638000000000000000000000000000000000000000000000000FFFFE51C1FE21EB5FFFFBA16CE0B9EBDFFFF0B3410E0948C000100000000000000000001FFC000000000000000000000000000000000000000000040000000000020000000000000000000000000000000000000000000000000000000000000,
0000000000001640000000000000000000000000000000000000000000000000FFFF8EDEDCB572FC00007F2E39BE1D54FFFF40C930CCAFD4000100000000000000000001FFC000000000000000000000000000000000000000000040000000000020000000000000000000000000000000000000000000000000000000000000,
0000000000001648000000000000000000000000000000000000000000000000FFFFD954A6F0317C00002E7AE0FFE9EBFFFF073E14930000000100000000000000000001FFC000000000000000000000000000000000000000000040000000000020000000000000000000000000000000000000000000000000000000000000,
00000000000016500000000000000000000000000000000000000000000000000000586833F59AE40000A4E6B5D4812A0000AEB8D6731019000100000000000000000001FFC000000000000000000000000000000000000000000040000000000020000000000000000000000000000000000000000000000000000000000000,
00000000000016580000000000000000000000000000000000000000000000000000CC94425ACC8F00003C5A163A15EDFFFF726F054D7CE6000100000000000000000001FFC000000000000000000000000000000000000000000040000000000020000000000000000000000000000000000000000000000000000000000000,
0000000000001660000000000000000000000000000000000000000000000000FFFF9238B20C2005FFFFFA694A3F90E20000E7333331A4D6000100000000000000000001FFC000000000000000000000000000000000000000000040000000000020000000000000000000000000000000000000000000000000000000000000,
0000000000001668000000000000000000000000000000000000000000000000FFFFF17C2F3C333DFFFFD4C30B3CAECEFFFF04187EE08688000100000000000000000001FFC000000000000000000000000000000000000000000040000000000020000000000000000000000000000000000000000000000000000000000000,
000000000000167000000000000000000000000000000000000000000000000000007864F43F4CFAFFFF1F2F42A24DE8FFFFE9A803A788D7000100000000000000000001FFC000000000000000000000000000000000000000000040000000000020000000000000000000000000000000000000000000000000000000000000,
0000000000001678000000000000000000000000000000000000000000000000FFFF0D36BC6799D2FFFFAF838E9EE6F5FFFFF560710C2687000100000000000000000001FFC000000000000000000000000000000000000000000040000000000020000000000000000000000000000000000000000000000000000000000000,
00000000000016800000000000000000000000000000000000000000000000000000007A9098C5B9000043CAC92F3802FFFF0923C4B9B3EA000100000000000000000001FFC000000000000000000000000000000000000000000040000000000020000000000000000000000000000000000000000000000000000000000000,
000000000000168800000000000000000000000000000000000000000000000000004EB0627213D700007B3CC5CACE000000D2227AB943D9000100000000000000000001FFC000000000000000000000000000000000000000000040000000000020000000000000000000000000000000000000000000000000000000000000,
00000000000016900000000000000000000000000000000000000000000000000000E5A2D7D418CB000001E2FE4933C5FFFF8EDD3F1646BC000100000000000000000001FFC000000000000000000000000000000000000000000040000000000020000000000000000000000000000000000000000000000000000000000000,
00000000000016980000000000000000000000000000000000000000000000000000D950673E3298FFFF78FC98347AF4FFFFF6F1CF6DECDF000100000000000000000001FFC000000000000000000000000000000000000000000040000000000020000000000000000000000000000000000000000000000000000000000000,
00000000000016A0000000000000000000000000000000000000000000000000FFFFD89CF07DE080FFFF96216934D287FFFF1A44DF10F33D000100000000000000000001FFC000000000000000000000000000000000000000000040000000000020000000000000000000000000000000000000000000000000000000000000,
00000000000016A8000000000000000000000000000000000000000000000000FFFF425DEE17C327FFFF65B0E1D115FD00004BEBCB1AFCFA000100000000000000000001FFC000000000000000000000000000000000000000000040000000000020000000000000000000000000000000000000000000000000000000000000,
00000000000016B00000000000000000000000000000000000000000000000000000A9E50BAA6F8800008CAA47A5F5F0000081F153E382F5000100000000000000000001FFC000000000000000000000000000000000000000000040000000000020000000000000000000000000000000000000000000000000000000000000,
00000000000016B800000000000000000000000000000000000000000000000000008D083F1266120000A41CA2B4368A000088CBD6DAB781000100000000000000000001FFC000000000000000000000000000000000000000000040000000000020000000000000000000000000000000000000000000000000000000000000,
00000000000016C0000000000000000000000000000000000000000000000000000098A3F6353FCBFFFF7F40C82B80A1FFFF5FCF244BBC1D000100000000000000000001FFC000000000000000000000000000000000000000000040000000000020000000000000000000000000000000000000000000000000000000000000,
00000000000016C80000000000000000000000000000000000000000000000000000EB0A24FE1D2A00004CA3CFB270A2000042792B0933CC000100000000000000000001FFC000000000000000000000000000000000000000000040000000000020000000000000000000000000000000000000000000000000000000000000,
00000000000016D0000000000000000000000000000000000000000000000000FFFF7A755366C5250000D6A7C0734871FFFFD7AE01477082000100000000000000000001FFC000000000000000000000000000000000000000000040000000000020000000000000000000000000000000000000000000000000000000000000,
00000000000016D800000000000000000000000000000000000000000000000000008CD8A98BF90C00008E34E71814E600009F9C57459B54000100000000000000000001FFC000000000000000000000000000000000000000000040000000000020000000000000000000000000000000000000000000000000000000000000,
00000000000016E00000000000000000000000000000000000000000000000000000F35EB341BA3000001165A3F1ACDE00004D7CFBDD8482000100000000000000000001FFC000000000000000000000000000000000000000000040000000000020000000000000000000000000000000000000000000000000000000000000,
00000000000016E80000000000000000000000000000000000000000000000000000F15614BA635CFFFFAE3BC8123512000018A374A6760D000100000000000000000001FFC000000000000000000000000000000000000000000040000000000020000000000000000000000000000000000000000000000000000000000000,
00000000000016F0000000000000000000000000000000000000000000000000FFFF99F6DE073DA3000040F1FA0B35D50000E1A01CDA6B4A000100000000000000000001FFC000000000000000000000000000000000000000000040000000000020000000000000000000000000000000000000000000000000000000000000,
00000000000016F80000000000000000000000000000000000000000000000000000CCDCA592659BFFFF9DB559FCEA67000075ECDCE6B94C000100000000000000000001FFC000000000000000000000000000000000000000000040000000000020000000000000000000000000000000000000000000000000000000000000,
0000000000001700000000000000000000000000000000000000000000000000FFFFD7B33F56C4080000D070B5F7E251FFFF70F20F7C2539000100000000000000000001FFC000000000000000000000000000000000000000000040000000000020000000000000000000000000000000000000000000000000000000000000,
0000000000001708000000000000000000000000000000000000000000000000000056BD837EDBB6FFFFC100565BFB2E0000E878DD21593D000100000000000000000001FFC000000000000000000000000000000000000000000040000000000020000000000000000000000000000000000000000000000000000000000000,
0000000000001710000000000000000000000000000000000000000000000000FFFFB0BD1B6D1FC8FFFF1E5FDA6FBFD0FFFFA4A3B41A00F2000100000000000000000001FFC000000000000000000000000000000000000000000040000000000020000000000000000000000000000000000000000000000000000000000000,
0000000000001718000000000000000000000000000000000000000000000000FFFF2E1FDDDE8185FFFF761402BA89D5000031A83BB6645D000100000000000000000001FFC000000000000000000000000000000000000000000040000000000020000000000000000000000000000000000000000000000000000000000000,
0000000000001720000000000000000000000000000000000000000000000000FFFF7B5BB3843AF2FFFFCC61AAC8D9E40000D4C919416960000100000000000000000001FFC000000000000000000000000000000000000000000040000000000020000000000000000000000000000000000000000000000000000000000000,
0000000000001728000000000000000000000000000000000000000000000000FFFFC0E64FD6BA9900002CA3FB38DCFA0000F40D693E2D27000100000000000000000001FFC000000000000000000000000000000000000000000040000000000020000000000000000000000000000000000000000000000000000000000000,
000000000000173000000000000000000000000000000000000000000000000000009B8D703218D3FFFF34BEC6E34D7D000005302C6E04F5000100000000000000000001FFC000000000000000000000000000000000000000000040000000000020000000000000000000000000000000000000000000000000000000000000,
0000000000001738000000000000000000000000000000000000000000000000FFFF158915CB80E7000060B32AAA1DD4FFFFDD316791925B000100000000000000000001FFC000000000000000000000000000000000000000000040000000000020000000000000000000000000000000000000000000000000000000000000,
00000000000017400000000000000000000000000000000000000000000000000000CB7908056E04FFFF9DF738198B1600007884180D4697000100000000000000000001FFC000000000000000000000000000000000000000000040000000000020000000000000000000000000000000000000000000000000000000000000,
0000000000001748000000000000000000000000000000000000000000000000FFFF9C3365F9AE9CFFFFB471CBED6374FFFF20B0911B049A000100000000000000000001FFC000000000000000000000000000000000000000000040000000000020000000000000000000000000000000000000000000000000000000000000,
0000000000001750000000000000000000000000000000000000000000000000FFFFD41B71C7EFCAFFFFBB1B1CD605750000F29DF6261054000100000000000000000001FFC000000000000000000000000000000000000000000040000000000020000000000000000000000000000000000000000000000000000000000000,
0000000000001758000000000000000000000000000000000000000000000000000060B0D7040722FFFFD034210E4A24FFFF17D4C2B9FCA8000100000000000000000001FFC000000000000000000000000000000000000000000040000000000020000000000000000000000000000000000000000000000000000000000000,
0000000000001760000000000000000000000000000000000000000000000000FFFFE13A4789A63EFFFF1635734F0231000063A72F35EB91000100000000000000000001FFC000000000000000000000000000000000000000000040000000000020000000000000000000000000000000000000000000000000000000000000,
000000000000176800000000000000000000000000000000000000000000000000006474928C516600000EB0283DF1900000EB022AEA6F6E000100000000000000000001FFC000000000000000000000000000000000000000000040000000000020000000000000000000000000000000000000000000000000000000000000,
000000000000177000000000000000000000000000000000000000000000000000005A9E4E25BA140000D046C7F641040000761700A25C43000100000000000000000001FFC000000000000000000000000000000000000000000040000000000020000000000000000000000000000000000000000000000000000000000000,
00000000000017780000000000000000000000000000000000000000000000000000FB60F172D8F2FFFFD116E635BFEB00000C01ADCE78BE000100000000000000000001FFC000000000000000000000000000000000000000000040000000000020000000000000000000000000000000000000000000000000000000000000,
00000000000017800000000000000000000000000000000000000000000000000000DEE9921EC520FFFFE33FD283563D00007A8DCE5F4679000100000000000000000001FFC000000000000000000000000000000000000000000040000000000020000000000000000000000000000000000000000000000000000000000000,
000000000000178800000000000000000000000000000000000000000000000000005F31687AA8FE00001222F4A2CEE0FFFF130CC51264C3000100000000000000000001FFC000000000000000000000000000000000000000000040000000000020000000000000000000000000000000000000000000000000000000000000,
0000000000001790000000000000000000000000000000000000000000000000000017D05E7490C40000C27D9AE0AF1DFFFF5B40371CF47B000100000000000000000001FFC000000000000000000000000000000000000000000040000000000020000000000000000000000000000000000000000000000000000000000000,
0000000000001798000000000000000000000000000000000000000000000000000060C05277E49E0000C50D03526AD7FFFF7C4B8FEA3B05000100000000000000000001FFC000000000000000000000000000000000000000000040000000000020000000000000000000000000000000000000000000000000000000000000,
00000000000017A0000000000000000000000000000000000000000000000000FFFF5B3431FDD91DFFFFA1030334EECB0000AB559B55C26B000100000000000000000001FFC000000000000000000000000000000000000000000040000000000020000000000000000000000000000000000000000000000000000000000000,
00000000000017A8000000000000000000000000000000000000000000000000FFFFCE905385E4CFFFFF2FCAFDAA3EA700008C817B6D10C7000100000000000000000001FFC000000000000000000000000000000000000000000040000000000020000000000000000000000000000000000000000000000000000000000000,
00000000000017B0000000000000000000000000000000000000000000000000FFFFC27501C310920000E3B1D855EB1A000063844ABC1906000100000000000000000001FFC000000000000000000000000000000000000000000040000000000020000000000000000000000000000000000000000000000000000000000000,
00000000000017B8000000000000000000000000000000000000000000000000FFFF7049EFE84DFCFFFF3AC96A4B3E2FFFFFB29ACA012B75000100000000000000000001FFC000000000000000000000000000000000000000000040000000000020000000000000000000000000000000000000000000000000000000000000,
00000000000017C0000000000000000000000000000000000000000000000000FFFFF8C29DFC6F120000C548A4F2CCE50000A2FB0D9F17AB000100000000000000000001FFC000000000000000000000000000000000000000000040000000000020000000000000000000000000000000000000000000000000000000000000,
00000000000017C80000000000000000000000000000000000000000000000000000E8E58336259600003C74E1C41084000057688537FDA7000100000000000000000001FFC000000000000000000000000000000000000000000040000000000020000000000000000000000000000000000000000000000000000000000000,
00000000000017D000000000000000000000000000000000000000000000000000004BD5D050FAACFFFF18ED5CE5E1F100004FF09AC46335000100000000000000000001FFC000000000000000000000000000000000000000000040000000000020000000000000000000000000000000000000000000000000000000000000,
00000000000017D800000000000000000000000000000000000000000000000000002DB3302DC466FFFFF1701DC5A722FFFF04888B955635000100000000000000000001FFC000000000000000000000000000000000000000000040000000000020000000000000000000000000000000000000000000000000000000000000,
00000000000017E00000000000000000000000000000000000000000000000000000C06D419FC23B0000A8BC12671FC5FFFFF9F4539A75BC000100000000000000000001FFC000000000000000000000000000000000000000000040000000000020000000000000000000000000000000000000000000000000000000000000,
00000000000017E80000000000000000000000000000000000000000000000000000418F85F112EF0000F12940B58EEC0000377D5C45595B000100000000000000000001FFC000000000000000000000000000000000000000000040000000000020000000000000000000000000000000000000000000000000000000000000,
00000000000017F000000000000000000000000000000000000000000000000000000E2BECC90889FFFFF908FA2937130000FF83358CC362000100000000000000000001FFC000000000000000000000000000000000000000000040000000000020000000000000000000000000000000000000000000000000000000000000,
00000000000017F8000000000000000000000000000000000000000000000000FFFFBB693474C9D7FFFF3CA00DB21F97000096887D96E5CD000100000000000000000001FFC000000000000000000000000000000000000000000040000000000020000000000000000000000000000000000000000000000000000000000000,
0000000000001800000000000000000000000000000000000000000000000000FFFFFD50D2038B0C000048927F20ACB3FFFF0A8444D386FD000100000000000000000001FFC000000000000000000000000000000000000000000040000000000020000000000000000000000000000000000000000000000000000000000000,
000000000000180800000000000000000000000000000000000000000000000000002B861EE5852700008BB8447E2EC6FFFF2DF3C81279BE000100000000000000000001FFC000000000000000000000000000000000000000000040000000000020000000000000000000000000000000000000000000000000000000000000,
000000000000181000000000000000000000000000000000000000000000000000004BBA7B3838990000747A6B889AEAFFFF28FA9FA4141E000100000000000000000001FFC000000000000000000000000000000000000000000040000000000020000000000000000000000000000000000000000000000000000000000000,
000000000000181800000000000000000000000000000000000000000000000000000D5F3B599FD6FFFFF6A18E309C880000FF7A92140499000100000000000000000001FFC000000000000000000000000000000000000000000040000000000020000000000000000000000000000000000000000000000000000000000000,
0000000000001820000000000000000000000000000000000000000000000000000059079B426A880000DEDB30E19D7C000059223AAA3814000100000000000000000001FFC000000000000000000000000000000000000000000040000000000020000000000000000000000000000000000000000000000000000000000000,
000000000000182800000000000000000000000000000000000000000000000000009608D13F85D0FFFF53B0645E708800007379BBC89DB3000100000000000000000001FFC000000000000000000000000000000000000000000040000000000020000000000000000000000000000000000000000000000000000000000000,
000000000000183000000000000000000000000000000000000000000000000000007537E4947D98FFFF37FBAA34A67000006C93DBA7F9EA000100000000000000000001FFC000000000000000000000000000000000000000000040000000000020000000000000000000000000000000000000000000000000000000000000,
0000000000001838000000000000000000000000000000000000000000000000FFFFA6EE093E32BAFFFFF2C8B94568330000EFA41D5E84DC000100000000000000000001FFC000000000000000000000000000000000000000000040000000000020000000000000000000000000000000000000000000000000000000000000,
0000000000001840000000000000000000000000000000000000000000000000FFFFFAF09B41102B000092859967D50AFFFF2E238664F540000100000000000000000001FFC000000000000000000000000000000000000000000040000000000020000000000000000000000000000000000000000000000000000000000000,
000000000000184800000000000000000000000000000000000000000000000000009550B77F03E40000B9B16BAA2B39FFFFA269092587A6000100000000000000000001FFC000000000000000000000000000000000000000000040000000000020000000000000000000000000000000000000000000000000000000000000,
000000000000185000000000000000000000000000000000000000000000000000002ED8CA7C8A4F00008355A849BCB90000D6B11E08360B000100000000000000000001FFC000000000000000000000000000000000000000000040000000000020000000000000000000000000000000000000000000000000000000000000,
0000000000001858000000000000000000000000000000000000000000000000FFFF0973BC7D8F30000042780A7E7A3400001238A4C60027000100000000000000000001FFC000000000000000000000000000000000000000000040000000000020000000000000000000000000000000000000000000000000000000000000,
0000000000001860000000000000000000000000000000000000000000000000FFFFDD22EA324318FFFF46FEA68605EAFFFF528665F768DE000100000000000000000001FFC000000000000000000000000000000000000000000040000000000020000000000000000000000000000000000000000000000000000000000000,
0000000000001868000000000000000000000000000000000000000000000000FFFFDCA4C8BD8A300000905B1C300434FFFF2F8F50D480CA000100000000000000000001FFC000000000000000000000000000000000000000000040000000000020000000000000000000000000000000000000000000000000000000000000,
00000000000018700000000000000000000000000000000000000000000000000000098EAF90F5C4000062E2B4FE9CBBFFFF14101C538533000100000000000000000001FFC000000000000000000000000000000000000000000040000000000020000000000000000000000000000000000000000000000000000000000000,
0000000000001878000000000000000000000000000000000000000000000000FFFFE818EA197DF1FFFF0C707ED913BE00004B1E8C46B898000100000000000000000001FFC000000000000000000000000000000000000000000040000000000020000000000000000000000000000000000000000000000000000000000000,
000000000000188000000000000000000000000000000000000000000000000000007CD8156722D90000846A8D12E7F9FFFF4BF4B163EBEB000100000000000000000001FFC000000000000000000000000000000000000000000040000000000020000000000000000000000000000000000000000000000000000000000000,
00000000000018880000000000000000000000000000000000000000000000000000B9856B3D9054FFFF9807E59F52D700008E81DA13D42D000100000000000000000001FFC000000000000000000000000000000000000000000040000000000020000000000000000000000000000000000000000000000000000000000000,
0000000000001890000000000000000000000000000000000000000000000000FFFFEE2C3151CA580000E07E7B48265EFFFF86429757D792000100000000000000000001FFC000000000000000000000000000000000000000000040000000000020000000000000000000000000000000000000000000000000000000000000,
000000000000189800000000000000000000000000000000000000000000000000007BB50C4C1B5D000000348EE56CFA0000E0204429B6D4000100000000000000000001FFC000000000000000000000000000000000000000000040000000000020000000000000000000000000000000000000000000000000000000000000,
00000000000018A0000000000000000000000000000000000000000000000000FFFFC0E22689488D0000F159045015D3FFFFC685F67C2140000100000000000000000001FFC000000000000000000000000000000000000000000040000000000020000000000000000000000000000000000000000000000000000000000000,
00000000000018A8000000000000000000000000000000000000000000000000FFFF70824C0EC7CB000079D6BBD0DC7FFFFF528074DF767F000100000000000000000001FFC000000000000000000000000000000000000000000040000000000020000000000000000000000000000000000000000000000000000000000000,
00000000000018B0000000000000000000000000000000000000000000000000FFFF363770302494FFFF6FA6DA94422500003F1C7B63C447000100000000000000000001FFC000000000000000000000000000000000000000000040000000000020000000000000000000000000000000000000000000000000000000000000,
00000000000018B8000000000000000000000000000000000000000000000000000005F71EEA3094FFFF3F191D765BBF0000A831B43AF5F7000100000000000000000001FFC000000000000000000000000000000000000000000040000000000020000000000000000000000000000000000000000000000000000000000000,
00000000000018C0000000000000000000000000000000000000000000000000FFFF5503133C7436000044DFCDDE04D8FFFF4E5C89368C6F000100000000000000000001FFC000000000000000000000000000000000000000000040000000000020000000000000000000000000000000000000000000000000000000000000,
00000000000018C800000000000000000000000000000000000000000000000000002B53DA5D7CCF00001F6D2E804577FFFF05A875094E0A000100000000000000000001FFC000000000000000000000000000000000000000000040000000000020000000000000000000000000000000000000000000000000000000000000,
00000000000018D000000000000000000000000000000000000000000000000000002A615F7C64E7000087B940B866930000D4E1F172E32E000100000000000000000001FFC000000000000000000000000000000000000000000040000000000020000000000000000000000000000000000000000000000000000000000000,
00000000000018D8000000000000000000000000000000000000000000000000000048DB6F1E8FEEFFFF0CD19FF3E8A200002106D352A0CF000100000000000000000001FFC000000000000000000000000000000000000000000040000000000020000000000000000000000000000000000000000000000000000000000000,
00000000000018E000000000000000000000000000000000000000000000000000000558B21503BCFFFF493C3A6E541C0000B32D5CB4CC39000100000000000000000001FFC000000000000000000000000000000000000000000040000000000020000000000000000000000000000000000000000000000000000000000000,
00000000000018E80000000000000000000000000000000000000000000000000000CDDC2D75CA4E0000102D6BBF8849FFFF68AF9E7773EB000100000000000000000001FFC000000000000000000000000000000000000000000040000000000020000000000000000000000000000000000000000000000000000000000000,
00000000000018F0000000000000000000000000000000000000000000000000FFFF22740A1E451DFFFF91D1FB48309EFFFFBE52AEB3CF02000100000000000000000001FFC000000000000000000000000000000000000000000040000000000020000000000000000000000000000000000000000000000000000000000000,
00000000000018F8000000000000000000000000000000000000000000000000FFFF30B02BA7958EFFFFBEF10AA025870000875EE0C53754000100000000000000000001FFC000000000000000000000000000000000000000000040000000000020000000000000000000000000000000000000000000000000000000000000,
000000000000190000000000000000000000000000000000000000000000000000008A1AB402340F00008678C65CF1B00000A8771ABC1047000100000000000000000001FFC000000000000000000000000000000000000000000040000000000020000000000000000000000000000000000000000000000000000000000000,
00000000000019080000000000000000000000000000000000000000000000000000A68E459D4A44FFFF7F874850A089FFFF6E1696C08F27000100000000000000000001FFC000000000000000000000000000000000000000000040000000000020000000000000000000000000000000000000000000000000000000000000,
0000000000001910000000000000000000000000000000000000000000000000FFFFD9E55877C1C900008A0FF4A11C12FFFF2BD066B337F5000100000000000000000001FFC000000000000000000000000000000000000000000040000000000020000000000000000000000000000000000000000000000000000000000000,
0000000000001918000000000000000000000000000000000000000000000000FFFF42E535837EC3FFFFD2062FA1249A0000A65163B44822000100000000000000000001FFC000000000000000000000000000000000000000000040000000000020000000000000000000000000000000000000000000000000000000000000,
00000000000019200000000000000000000000000000000000000000000000000000275B78917B3EFFFF66C8993B78C8FFFF36B9880D9263000100000000000000000001FFC000000000000000000000000000000000000000000040000000000020000000000000000000000000000000000000000000000000000000000000,
0000000000001928000000000000000000000000000000000000000000000000FFFFB9CC6BC886F6FFFF3E7DDD5CBD7D000098310AC2597A000100000000000000000001FFC000000000000000000000000000000000000000000040000000000020000000000000000000000000000000000000000000000000000000000000,
0000000000001930000000000000000000000000000000000000000000000000FFFFBD7E37E76EE5000077B525336A720000D84B286AA00E000100000000000000000001FFC000000000000000000000000000000000000000000040000000000020000000000000000000000000000000000000000000000000000000000000,
0000000000001938000000000000000000000000000000000000000000000000000091D30BD515E9FFFF423CD8E25945FFFFA51B6EEAB902000100000000000000000001FFC000000000000000000000000000000000000000000040000000000020000000000000000000000000000000000000000000000000000000000000,
00000000000019400000000000000000000000000000000000000000000000000000CACEB011890A000098389200086500002320A5682CCF000100000000000000000001FFC000000000000000000000000000000000000000000040000000000020000000000000000000000000000000000000000000000000000000000000,
00000000000019480000000000000000000000000000000000000000000000000000E5D755919E9C000067B1FFCA747E00002C3AFBEB5503000100000000000000000001FFC000000000000000000000000000000000000000000040000000000020000000000000000000000000000000000000000000000000000000000000,
00000000000019500000000000000000000000000000000000000000000000000000DF30C75B4B41FFFF85E3F84081BCFFFFE38479E80A98000100000000000000000001FFC000000000000000000000000000000000000000000040000000000020000000000000000000000000000000000000000000000000000000000000,
0000000000001958000000000000000000000000000000000000000000000000FFFF69BF526C534200008698DE380FB500009D9E7739DEB6000100000000000000000001FFC000000000000000000000000000000000000000000040000000000020000000000000000000000000000000000000000000000000000000000000,
00000000000019600000000000000000000000000000000000000000000000000000018B549B5C460000F05CD0F8B62A00005816775CE5F0000100000000000000000001FFC000000000000000000000000000000000000000000040000000000020000000000000000000000000000000000000000000000000000000000000,
00000000000019680000000000000000000000000000000000000000000000000000420E3FB997270000505947BC77C90000E9EA83988C49000100000000000000000001FFC000000000000000000000000000000000000000000040000000000020000000000000000000000000000000000000000000000000000000000000,
000000000000197000000000000000000000000000000000000000000000000000002A2A58F1FE4F00005CB7599FCDFF0000EADD8E66D632000100000000000000000001FFC000000000000000000000000000000000000000000040000000000020000000000000000000000000000000000000000000000000000000000000,
0000000000001978000000000000000000000000000000000000000000000000FFFF42F6B0477967000099DD0BD99B3C00004E46E7D80C5C000100000000000000000001FFC000000000000000000000000000000000000000000040000000000020000000000000000000000000000000000000000000000000000000000000,
0000000000001980000000000000000000000000000000000000000000000000FFFF01A554628C1EFFFFE5A91DCD791A00000C173DCD62B0000100000000000000000001FFC000000000000000000000000000000000000000000040000000000020000000000000000000000000000000000000000000000000000000000000,
000000000000198800000000000000000000000000000000000000000000000000001CBAD6F41FB800005BE01B2E00C7FFFF12C9BE525F2B000100000000000000000001FFC000000000000000000000000000000000000000000040000000000020000000000000000000000000000000000000000000000000000000000000,
00000000000019900000000000000000000000000000000000000000000000000000F409AE70EBC8FFFFDF96A56287E800004638A93DA3DB000100000000000000000001FFC000000000000000000000000000000000000000000040000000000020000000000000000000000000000000000000000000000000000000000000,
0000000000001998000000000000000000000000000000000000000000000000FFFF36BC26D291C0FFFFC25FE7EBAE3DFFFF6E4ADB9E031A000100000000000000000001FFC000000000000000000000000000000000000000000040000000000020000000000000000000000000000000000000000000000000000000000000,
00000000000019A0000000000000000000000000000000000000000000000000FFFFAAC7509D04CB0000A7CF82F5EBE90000AD87DDD1BBCE000100000000000000000001FFC000000000000000000000000000000000000000000040000000000020000000000000000000000000000000000000000000000000000000000000,
00000000000019A8000000000000000000000000000000000000000000000000FFFFC123C23D59560000C8F0712070A4FFFF6E5ECC59987A000100000000000000000001FFC000000000000000000000000000000000000000000040000000000020000000000000000000000000000000000000000000000000000000000000,
00000000000019B0000000000000000000000000000000000000000000000000FFFF3839E43B82EBFFFF6FD52731A6F100004595F24D3005000100000000000000000001FFC000000000000000000000000000000000000000000040000000000020000000000000000000000000000000000000000000000000000000000000,
00000000000019B80000000000000000000000000000000000000000000000000000671476D770980000C5A7E760ACBEFFFF8221DD6F3390000100000000000000000001FFC000000000000000000000000000000000000000000040000000000020000000000000000000000000000000000000000000000000000000000000,
00000000000019C0000000000000000000000000000000000000000000000000FFFF746BB4F3C695FFFF3FF8DDE0076600005FCE84DE358A000100000000000000000001FFC000000000000000000000000000000000000000000040000000000020000000000000000000000000000000000000000000000000000000000000,
00000000000019C8000000000000000000000000000000000000000000000000FFFFD309DB38C81A000033BA7BF78DC0FFFF095859AC07EC000100000000000000000001FFC000000000000000000000000000000000000000000040000000000020000000000000000000000000000000000000000000000000000000000000,
00000000000019D0000000000000000000000000000000000000000000000000000017BCC8E5A044FFFFB2F204023617FFFF0D0750005773000100000000000000000001FFC000000000000000000000000000000000000000000040000000000020000000000000000000000000000000000000000000000000000000000000,
00000000000019D80000000000000000000000000000000000000000000000000000CAA67192AA9900009386ABD03C2000003402635D446E000100000000000000000001FFC000000000000000000000000000000000000000000040000000000020000000000000000000000000000000000000000000000000000000000000,
00000000000019E00000000000000000000000000000000000000000000000000000DA62D99B6554000066772C1B1C5F000055B2F03860C2000100000000000000000001FFC000000000000000000000000000000000000000000040000000000020000000000000000000000000000000000000000000000000000000000000,
00000000000019E80000000000000000000000000000000000000000000000000000F0978BFA8D6B000057727C09BFAD0000021E30BF61B9000100000000000000000001FFC000000000000000000000000000000000000000000040000000000020000000000000000000000000000000000000000000000000000000000000,
00000000000019F00000000000000000000000000000000000000000000000000000268A3211369EFFFF11C8EBF07E3400005576FA1C715D000100000000000000000001FFC000000000000000000000000000000000000000000040000000000020000000000000000000000000000000000000000000000000000000000000,
00000000000019F80000000000000000000000000000000000000000000000000000CD3DEFFCE7A0000037EE98E91D1FFFFF7194927B5F14000100000000000000000001FFC000000000000000000000000000000000000000000040000000000020000000000000000000000000000000000000000000000000000000000000,
0000000000001A0000000000000000000000000000000000000000000000000000009BBCE1E3F6A60000B035A481ACD5FFFF9AD8D5543BF8000100000000000000000001FFC000000000000000000000000000000000000000000040000000000020000000000000000000000000000000000000000000000000000000000000,
0000000000001A0800000000000000000000000000000000000000000000000000006462202A2FCBFFFF4C7A4A05BF010000986ABEACF4E1000100000000000000000001FFC000000000000000000000000000000000000000000040000000000020000000000000000000000000000000000000000000000000000000000000,
0000000000001A10000000000000000000000000000000000000000000000000FFFFD44236834810FFFFE69DED437EF10000FAF47847D591000100000000000000000001FFC000000000000000000000000000000000000000000040000000000020000000000000000000000000000000000000000000000000000000000000,
0000000000001A18000000000000000000000000000000000000000000000000FFFF546654BAB61D0000A3F703D008B900005FF123D98FAD000100000000000000000001FFC000000000000000000000000000000000000000000040000000000020000000000000000000000000000000000000000000000000000000000000,
0000000000001A20000000000000000000000000000000000000000000000000FFFF97ADED93A787FFFF85485EF7E975FFFF3904B5C08C3C000100000000000000000001FFC000000000000000000000000000000000000000000040000000000020000000000000000000000000000000000000000000000000000000000000,
0000000000001A280000000000000000000000000000000000000000000000000000B8EFBB5C9709FFFFC73A5C2A4526FFFF5855D7866107000100000000000000000001FFC000000000000000000000000000000000000000000040000000000020000000000000000000000000000000000000000000000000000000000000,
0000000000001A30000000000000000000000000000000000000000000000000FFFFE9D72E2F422A0000CB08F7826927FFFF65A83675FB70000100000000000000000001FFC000000000000000000000000000000000000000000040000000000020000000000000000000000000000000000000000000000000000000000000,
0000000000001A3800000000000000000000000000000000000000000000000000001E1AE1F13440FFFFE54722A233D0FFFF032F43454EAD000100000000000000000001FFC000000000000000000000000000000000000000000040000000000020000000000000000000000000000000000000000000000000000000000000,
0000000000001A40000000000000000000000000000000000000000000000000FFFF922BE47681E800008456D28A59300000BDA19E9E33DF000100000000000000000001FFC000000000000000000000000000000000000000000040000000000020000000000000000000000000000000000000000000000000000000000000,
0000000000001A4800000000000000000000000000000000000000000000000000002CD04AFDD88400008984B39C71B10000D339DD33CBC1000100000000000000000001FFC000000000000000000000000000000000000000000040000000000020000000000000000000000000000000000000000000000000000000000000,
0000000000001A50000000000000000000000000000000000000000000000000FFFF8B498AC3EA500000BDAD51D85EDE00007E3DAB57B4E3000100000000000000000001FFC000000000000000000000000000000000000000000040000000000020000000000000000000000000000000000000000000000000000000000000,
0000000000001A58000000000000000000000000000000000000000000000000FFFF548A89D8BB6CFFFFDBDA2CD75E920000BAA196E7EE15000100000000000000000001FFC000000000000000000000000000000000000000000040000000000020000000000000000000000000000000000000000000000000000000000000,
0000000000001A60000000000000000000000000000000000000000000000000FFFF93E7A56BBBB9FFFFC289C61B16A10000DFC59EB7755A000100000000000000000001FFC000000000000000000000000000000000000000000040000000000020000000000000000000000000000000000000000000000000000000000000,
0000000000001A680000000000000000000000000000000000000000000000000000415A91A65DBCFFFF81819FE8471FFFFF2B3EFDE2B5C2000100000000000000000001FFC000000000000000000000000000000000000000000040000000000020000000000000000000000000000000000000000000000000000000000000,
0000000000001A70000000000000000000000000000000000000000000000000FFFF2916F1908B3CFFFFB9B212F027C3000078074688DEC6000100000000000000000001FFC000000000000000000000000000000000000000000040000000000020000000000000000000000000000000000000000000000000000000000000,
0000000000001A78000000000000000000000000000000000000000000000000FFFFA5CFF5B7D5DE00007EEB8D2EE2490000CB353BE24BFB000100000000000000000001FFC000000000000000000000000000000000000000000040000000000020000000000000000000000000000000000000000000000000000000000000,
0000000000001A80000000000000000000000000000000000000000000000000FFFF96C282422EDF000093EB9B2CB1E40000B47FE01D720F000100000000000000000001FFC000000000000000000000000000000000000000000040000000000020000000000000000000000000000000000000000000000000000000000000,
0000000000001A88000000000000000000000000000000000000000000000000FFFF4D6CFA6F51B6FFFFAF9EAEF9B095FFFF5B1E121B5EF5000100000000000000000001FFC000000000000000000000000000000000000000000040000000000020000000000000000000000000000000000000000000000000000000000000,
0000000000001A900000000000000000000000000000000000000000000000000000B82ED15B4838000092BFA0A82193FFFF9B9CF3DF3D1E000100000000000000000001FFC000000000000000000000000000000000000000000040000000000020000000000000000000000000000000000000000000000000000000000000,
0000000000001A98000000000000000000000000000000000000000000000000FFFF018C5CBA3238000002D0DA6D989DFFFFE40753630BFB000100000000000000000001FFC000000000000000000000000000000000000000000040000000000020000000000000000000000000000000000000000000000000000000000000,
0000000000001AA0000000000000000000000000000000000000000000000000FFFFFE3E119C31D50000FF3CD2AEC85CFFFFEC55F1E814EC000100000000000000000001FFC000000000000000000000000000000000000000000040000000000020000000000000000000000000000000000000000000000000000000000000,
0000000000001AA8000000000000000000000000000000000000000000000000FFFF0B0BC6ACDE500000178603845ECCFFFFB96DF95211D1000100000000000000000001FFC000000000000000000000000000000000000000000040000000000020000000000000000000000000000000000000000000000000000000000000,
0000000000001AB0000000000000000000000000000000000000000000000000FFFFA81168AF9B6DFFFF424C793E1ADFFFFF6C4AFADA3FB7000100000000000000000001FFC000000000000000000000000000000000000000000040000000000020000000000000000000000000000000000000000000000000000000000000,
0000000000001AB8000000000000000000000000000000000000000000000000FFFFABE4A116AD030000785A727A21430000D1B50AB44CDA000100000000000000000001FFC000000000000000000000000000000000000000000040000000000020000000000000000000000000000000000000000000000000000000000000,
0000000000001AC0000000000000000000000000000000000000000000000000FFFF2E6A2E127F3F0000287979AC0C87FFFF72ADA0567CE3000100000000000000000001FFC000000000000000000000000000000000000000000040000000000020000000000000000000000000000000000000000000000000000000000000,
0000000000001AC8000000000000000000000000000000000000000000000000FFFFA9E9038C04C2FFFF233800DB31B2FFFF9F260AB2A7F5000100000000000000000001FFC000000000000000000000000000000000000000000040000000000020000000000000000000000000000000000000000000000000000000000000,
0000000000001AD000000000000000000000000000000000000000000000000000006578EAC5D347000080AC8CE989EC0000C4ADA64A2FA2000100000000000000000001FFC000000000000000000000000000000000000000000040000000000020000000000000000000000000000000000000000000000000000000000000,
0000000000001AD8000000000000000000000000000000000000000000000000FFFF3805AE0F89FB00009FD375E52C32000000B854A55774000100000000000000000001FFC000000000000000000000000000000000000000000040000000000020000000000000000000000000000000000000000000000000000000000000,
0000000000001AE0000000000000000000000000000000000000000000000000FFFF19878D098465000069CAACB215E9000023090128190F000100000000000000000001FFC000000000000000000000000000000000000000000040000000000020000000000000000000000000000000000000000000000000000000000000,
0000000000001AE8000000000000000000000000000000000000000000000000FFFF855F4B5CA6F7FFFF2A2156A1A71DFFFFBB0547BB75DA000100000000000000000001FFC000000000000000000000000000000000000000000040000000000020000000000000000000000000000000000000000000000000000000000000,
0000000000001AF00000000000000000000000000000000000000000000000000000C2A6B17A88EA000096C4680A9F27FFFFB9E2708ED16F000100000000000000000001FFC000000000000000000000000000000000000000000040000000000020000000000000000000000000000000000000000000000000000000000000,
0000000000001AF8000000000000000000000000000000000000000000000000000024290DB97CA8FFFF51C134B859E30000B807A81038CB000100000000000000000001FFC000000000000000000000000000000000000000000040000000000020000000000000000000000000000000000000000000000000000000000000,
0000000000001B00000000000000000000000000000000000000000000000000FFFF3FF12F4548BAFFFFA5CA58DF047AFFFF70C7A5B224BF000100000000000000000001FFC000000000000000000000000000000000000000000040000000000020000000000000000000000000000000000000000000000000000000000000,
0000000000001B0800000000000000000000000000000000000000000000000000009A6CF748D47600001A3B1E61386AFFFF35838904B81A000100000000000000000001FFC000000000000000000000000000000000000000000040000000000020000000000000000000000000000000000000000000000000000000000000,
0000000000001B10000000000000000000000000000000000000000000000000FFFFC7A18204365F0000E18DA5E048CFFFFF94D5E4569BC6000100000000000000000001FFC000000000000000000000000000000000000000000040000000000020000000000000000000000000000000000000000000000000000000000000,
0000000000001B180000000000000000000000000000000000000000000000000000BA7518F517D9FFFFF5FD5BB0A027FFFF50DF84409A4F000100000000000000000001FFC000000000000000000000000000000000000000000040000000000020000000000000000000000000000000000000000000000000000000000000,
0000000000001B200000000000000000000000000000000000000000000000000000F18AE74BF30AFFFFC88A96B573CDFFFFBFD5065300D6000100000000000000000001FFC000000000000000000000000000000000000000000040000000000020000000000000000000000000000000000000000000000000000000000000,
0000000000001B2800000000000000000000000000000000000000000000000000008BAA6A621403000000FB9B1A4E4F0000D68AE84C1C5A000100000000000000000001FFC000000000000000000000000000000000000000000040000000000020000000000000000000000000000000000000000000000000000000000000,
0000000000001B30000000000000000000000000000000000000000000000000FFFF32BC3060A2BE0000877D54B478ECFFFFB8F8F7A803B4000100000000000000000001FFC000000000000000000000000000000000000000000040000000000020000000000000000000000000000000000000000000000000000000000000,
0000000000001B3800000000000000000000000000000000000000000000000000007AC46571208D0000B7742E633675FFFF7E59CEADDEE4000100000000000000000001FFC000000000000000000000000000000000000000000040000000000020000000000000000000000000000000000000000000000000000000000000,
0000000000001B4000000000000000000000000000000000000000000000000000005F6CE15FB197FFFF17D30B3BAF280000323E8E56D16D000100000000000000000001FFC000000000000000000000000000000000000000000040000000000020000000000000000000000000000000000000000000000000000000000000,
0000000000001B480000000000000000000000000000000000000000000000000000F5BD5FFC7172FFFFF5DA7E86EAD3FFFFB8F8BE6DB5BF000100000000000000000001FFC000000000000000000000000000000000000000000040000000000020000000000000000000000000000000000000000000000000000000000000,
0000000000001B50000000000000000000000000000000000000000000000000FFFFCF2133C5B71E0000D36F71528EF1FFFF78321BDF359C000100000000000000000001FFC000000000000000000000000000000000000000000040000000000020000000000000000000000000000000000000000000000000000000000000,
0000000000001B58000000000000000000000000000000000000000000000000FFFFD3093ADA01E4FFFF0E132091BBB4FFFFB962B3785FAE000100000000000000000001FFC000000000000000000000000000000000000000000040000000000020000000000000000000000000000000000000000000000000000000000000,
0000000000001B60000000000000000000000000000000000000000000000000FFFF3803841021B1FFFFA828325F05ED00008582BC7D8338000100000000000000000001FFC000000000000000000000000000000000000000000040000000000020000000000000000000000000000000000000000000000000000000000000,
0000000000001B68000000000000000000000000000000000000000000000000FFFF42C2A83393C700003592D009B291FFFF5C20999EDB8B000100000000000000000001FFC000000000000000000000000000000000000000000040000000000020000000000000000000000000000000000000000000000000000000000000,
0000000000001B7000000000000000000000000000000000000000000000000000009641E4CD2A4EFFFF7E4F142C45B50000A1ACE6B70FAC000100000000000000000001FFC000000000000000000000000000000000000000000040000000000020000000000000000000000000000000000000000000000000000000000000,
0000000000001B78000000000000000000000000000000000000000000000000000000B483B2B5900000D2EC95E284A8FFFF6EED06647E89000100000000000000000001FFC000000000000000000000000000000000000000000040000000000020000000000000000000000000000000000000000000000000000000000000,
0000000000001B8000000000000000000000000000000000000000000000000000002C2F98CBD15EFFFF99B5483752EBFFFF1985B4582715000100000000000000000001FFC000000000000000000000000000000000000000000040000000000020000000000000000000000000000000000000000000000000000000000000,
0000000000001B88000000000000000000000000000000000000000000000000FFFFD07FE97E14470000F850D23F1E1B0000283CB46DE15E000100000000000000000001FFC000000000000000000000000000000000000000000040000000000020000000000000000000000000000000000000000000000000000000000000,
0000000000001B900000000000000000000000000000000000000000000000000000AACCB931936E000004FAA338AC6A0000BEA0862ED3AC000100000000000000000001FFC000000000000000000000000000000000000000000040000000000020000000000000000000000000000000000000000000000000000000000000,
0000000000001B980000000000000000000000000000000000000000000000000000BACD32C9A2F2FFFF61096E8332F2FFFFB6B4F0D81B8B000100000000000000000001FFC000000000000000000000000000000000000000000040000000000020000000000000000000000000000000000000000000000000000000000000,
0000000000001BA000000000000000000000000000000000000000000000000000009F8AE6B5458D0000B8FAD0768F3DFFFFB36B3FA19C0C000100000000000000000001FFC000000000000000000000000000000000000000000040000000000020000000000000000000000000000000000000000000000000000000000000,
0000000000001BA800000000000000000000000000000000000000000000000000002DD819A6429BFFFF045DBA672E5EFFFFF54A31BE712A000100000000000000000001FFC000000000000000000000000000000000000000000040000000000020000000000000000000000000000000000000000000000000000000000000,
0000000000001BB000000000000000000000000000000000000000000000000000000D65D57FC1EEFFFF64FE3EEDE91A0000CB4BD89BE65B000100000000000000000001FFC000000000000000000000000000000000000000000040000000000020000000000000000000000000000000000000000000000000000000000000,
0000000000001BB8000000000000000000000000000000000000000000000000000077CD3A782F410000BE82B5217CB6FFFF85FA762501EF000100000000000000000001FFC000000000000000000000000000000000000000000040000000000020000000000000000000000000000000000000000000000000000000000000,
0000000000001BC0000000000000000000000000000000000000000000000000FFFFA334D5F26ED50000850448C72D04FFFF39EDF883C5E8000100000000000000000001FFC000000000000000000000000000000000000000000040000000000020000000000000000000000000000000000000000000000000000000000000,
0000000000001BC8000000000000000000000000000000000000000000000000FFFFED45AFA32486FFFF034BD0E4D7B40000246A2FFADC9B000100000000000000000001FFC000000000000000000000000000000000000000000040000000000020000000000000000000000000000000000000000000000000000000000000,
0000000000001BD000000000000000000000000000000000000000000000000000006D60D4815D84FFFF228B058E70900000434CAB29770A000100000000000000000001FFC000000000000000000000000000000000000000000040000000000020000000000000000000000000000000000000000000000000000000000000,
0000000000001BD800000000000000000000000000000000000000000000000000000DAB19DBC5A8FFFFB1B673A474440000F35A274C8DFB000100000000000000000001FFC000000000000000000000000000000000000000000040000000000020000000000000000000000000000000000000000000000000000000000000,
0000000000001BE0000000000000000000000000000000000000000000000000000012BC76FF34F800001AB2E2037CD80000FDE9E3A17B99000100000000000000000001FFC000000000000000000000000000000000000000000040000000000020000000000000000000000000000000000000000000000000000000000000,
0000000000001BE8000000000000000000000000000000000000000000000000FFFF9C0D4DC474CD00007B4A3538840BFFFF372309CBFA54000100000000000000000001FFC000000000000000000000000000000000000000000040000000000020000000000000000000000000000000000000000000000000000000000000,
0000000000001BF0000000000000000000000000000000000000000000000000000073FD3A2CD1E2FFFF23EA92DB3B9000003C6124463148000100000000000000000001FFC000000000000000000000000000000000000000000040000000000020000000000000000000000000000000000000000000000000000000000000,
0000000000001BF800000000000000000000000000000000000000000000000000002226A1F40AE4FFFF14121303DF8900005D4FBE10EDDD000100000000000000000001FFC000000000000000000000000000000000000000000040000000000020000000000000000000000000000000000000000000000000000000000000,
0000000000001C000000000000000000000000000000000000000000000000000000478F5FD3A25F0000EF51EFDD1131FFFFC7F46DDFCC14000100000000000000000001FFC000000000000000000000000000000000000000000040000000000020000000000000000000000000000000000000000000000000000000000000,
0000000000001C08000000000000000000000000000000000000000000000000FFFF58947B165DC90000A3E0208090670000673498DF5ABF000100000000000000000001FFC000000000000000000000000000000000000000000040000000000020000000000000000000000000000000000000000000000000000000000000,
0000000000001C1000000000000000000000000000000000000000000000000000004188C816B5DDFFFF0FE74C62ADF4FFFFC40AD1B9789B000100000000000000000001FFC000000000000000000000000000000000000000000040000000000020000000000000000000000000000000000000000000000000000000000000,
0000000000001C18000000000000000000000000000000000000000000000000FFFF95F8005C794D0000E5307746A460FFFFD5FB07F81FE6000100000000000000000001FFC000000000000000000000000000000000000000000040000000000020000000000000000000000000000000000000000000000000000000000000,
0000000000001C2000000000000000000000000000000000000000000000000000009CB026BEF9CAFFFF433F960156DD000049323397C65E000100000000000000000001FFC000000000000000000000000000000000000000000040000000000020000000000000000000000000000000000000000000000000000000000000,
0000000000001C280000000000000000000000000000000000000000000000000000BC988518F8CC0000A1199EF8B23300003F5BF80B1C91000100000000000000000001FFC000000000000000000000000000000000000000000040000000000020000000000000000000000000000000000000000000000000000000000000,
0000000000001C30000000000000000000000000000000000000000000000000000010F36B352FB300003DF9AE0867BCFFFF0831B5243CE3000100000000000000000001FFC000000000000000000000000000000000000000000040000000000020000000000000000000000000000000000000000000000000000000000000,
0000000000001C38000000000000000000000000000000000000000000000000000063A1C90C8BE600004BC32457481AFFFF20AF6240B03B000100000000000000000001FFC000000000000000000000000000000000000000000040000000000020000000000000000000000000000000000000000000000000000000000000,
0000000000001C40000000000000000000000000000000000000000000000000FFFF8BA9507C55C70000B6B5BAE39899FFFF778CF761C47A000100000000000000000001FFC000000000000000000000000000000000000000000040000000000020000000000000000000000000000000000000000000000000000000000000,
0000000000001C48000000000000000000000000000000000000000000000000FFFF9DF0D4BAA108000031E7477FFB36FFFF18D9C31433F4000100000000000000000001FFC000000000000000000000000000000000000000000040000000000020000000000000000000000000000000000000000000000000000000000000,
0000000000001C500000000000000000000000000000000000000000000000000000507FEACB4F0AFFFF57D20AD2DF48FFFF50950280D17F000100000000000000000001FFC000000000000000000000000000000000000000000040000000000020000000000000000000000000000000000000000000000000000000000000,
0000000000001C5800000000000000000000000000000000000000000000000000000B1FDD7347C1FFFFB474DD666A160000F458D0F136EA000100000000000000000001FFC000000000000000000000000000000000000000000040000000000020000000000000000000000000000000000000000000000000000000000000,
0000000000001C600000000000000000000000000000000000000000000000000000658E8FB2F76E0000BD8C933CD40100008AE682D7A5F9000100000000000000000001FFC000000000000000000000000000000000000000000040000000000020000000000000000000000000000000000000000000000000000000000000,
0000000000001C68000000000000000000000000000000000000000000000000FFFF1C6E7FF63C14FFFFCB8B1B711F1B000068DDC73C15D7000100000000000000000001FFC000000000000000000000000000000000000000000040000000000020000000000000000000000000000000000000000000000000000000000000,
0000000000001C70000000000000000000000000000000000000000000000000FFFF3A998411243E00009DB253FCCB68FFFFD6C212B0800F000100000000000000000001FFC000000000000000000000000000000000000000000040000000000020000000000000000000000000000000000000000000000000000000000000,
0000000000001C78000000000000000000000000000000000000000000000000FFFF4A7D97C68D330000B4248EBA462400000BC930407418000100000000000000000001FFC000000000000000000000000000000000000000000040000000000020000000000000000000000000000000000000000000000000000000000000,
0000000000001C80000000000000000000000000000000000000000000000000FFFF839B4F9130B70000CB35EF101D56FFFFA25D2761A6B6000100000000000000000001FFC000000000000000000000000000000000000000000040000000000020000000000000000000000000000000000000000000000000000000000000,
0000000000001C88000000000000000000000000000000000000000000000000FFFF168FDB09F17FFFFFA0E68655806C00002CB51927A4BA000100000000000000000001FFC000000000000000000000000000000000000000000040000000000020000000000000000000000000000000000000000000000000000000000000,
0000000000001C900000000000000000000000000000000000000000000000000000930FA10123590000C59BE832216CFFFFBA49CBC85DAA000100000000000000000001FFC000000000000000000000000000000000000000000040000000000020000000000000000000000000000000000000000000000000000000000000,
0000000000001C98000000000000000000000000000000000000000000000000FFFFC4AFA0709C3F0000581FD18949FCFFFF1714597ED40C000100000000000000000001FFC000000000000000000000000000000000000000000040000000000020000000000000000000000000000000000000000000000000000000000000,
0000000000001CA0000000000000000000000000000000000000000000000000FFFF683E231007A70000520969095AAA0000BD2507D4CE84000100000000000000000001FFC000000000000000000000000000000000000000000040000000000020000000000000000000000000000000000000000000000000000000000000,
0000000000001CA8000000000000000000000000000000000000000000000000FFFFF9FF03B33CE1FFFF3BD13DE1A00CFFFF5BA54F68A1A0000100000000000000000001FFC000000000000000000000000000000000000000000040000000000020000000000000000000000000000000000000000000000000000000000000,
0000000000001CB000000000000000000000000000000000000000000000000000006373E68689ACFFFF2270BEA579D7000050F8E39AFE51000100000000000000000001FFC000000000000000000000000000000000000000000040000000000020000000000000000000000000000000000000000000000000000000000000,
0000000000001CB80000000000000000000000000000000000000000000000000000727C9A09932AFFFF37C8FCB0824CFFFF90E6E382AC26000100000000000000000001FFC000000000000000000000000000000000000000000040000000000020000000000000000000000000000000000000000000000000000000000000,
0000000000001CC0000000000000000000000000000000000000000000000000FFFFE45F445B5C6C0000698DDC7078510000E7956F48610A000100000000000000000001FFC000000000000000000000000000000000000000000040000000000020000000000000000000000000000000000000000000000000000000000000,
0000000000001CC80000000000000000000000000000000000000000000000000000B09CDC05E3E4FFFFC2475CD3137AFFFF51424B262F4F000100000000000000000001FFC000000000000000000000000000000000000000000040000000000020000000000000000000000000000000000000000000000000000000000000,
0000000000001CD0000000000000000000000000000000000000000000000000FFFFCC2BECA9C0480000F7EBDD54530800002536933F7043000100000000000000000001FFC000000000000000000000000000000000000000000040000000000020000000000000000000000000000000000000000000000000000000000000,
0000000000001CD8000000000000000000000000000000000000000000000000000033C9A23271180000F48D5781B4A90000373621358DB4000100000000000000000001FFC000000000000000000000000000000000000000000040000000000020000000000000000000000000000000000000000000000000000000000000,
0000000000001CE0000000000000000000000000000000000000000000000000FFFF5FEB11D4B4620000A98F5E32E287FFFF965CDDEA464D000100000000000000000001FFC000000000000000000000000000000000000000000040000000000020000000000000000000000000000000000000000000000000000000000000,
0000000000001CE8000000000000000000000000000000000000000000000000000053E60A4363880000D606C5D1ED2A000070A6092EFAD8000100000000000000000001FFC000000000000000000000000000000000000000000040000000000020000000000000000000000000000000000000000000000000000000000000,
0000000000001CF0000000000000000000000000000000000000000000000000FFFFAA4FF115D515FFFF4EC5A6B5325A0000A3A865AB7A57000100000000000000000001FFC000000000000000000000000000000000000000000040000000000020000000000000000000000000000000000000000000000000000000000000,
0000000000001CF80000000000000000000000000000000000000000000000000000E00D9855BC65FFFF9F7A7B19788E00004D965B8AC350000100000000000000000001FFC000000000000000000000000000000000000000000040000000000020000000000000000000000000000000000000000000000000000000000000,
0000000000001D0000000000000000000000000000000000000000000000000000002A0168BBAAFF0000FB4EF675C991FFFFE7304D7EFF0C000100000000000000000001FFC000000000000000000000000000000000000000000040000000000020000000000000000000000000000000000000000000000000000000000000,
0000000000001D08000000000000000000000000000000000000000000000000000072D58CC1F0650000A27A9AD2616B0000A116D1BAB26C000100000000000000000001FFC000000000000000000000000000000000000000000040000000000020000000000000000000000000000000000000000000000000000000000000,
0000000000001D100000000000000000000000000000000000000000000000000000BC767D55C0EEFFFF8C799436D74EFFFF7EE18AE35BE2000100000000000000000001FFC000000000000000000000000000000000000000000040000000000020000000000000000000000000000000000000000000000000000000000000,
0000000000001D1800000000000000000000000000000000000000000000000000004A5DED4762950000905A3C5B976DFFFF3A1753B33494000100000000000000000001FFC000000000000000000000000000000000000000000040000000000020000000000000000000000000000000000000000000000000000000000000,
0000000000001D200000000000000000000000000000000000000000000000000000ADB27AEC723F00005596A72E76ACFFFF588C7F82C88F000100000000000000000001FFC000000000000000000000000000000000000000000040000000000020000000000000000000000000000000000000000000000000000000000000,
0000000000001D28000000000000000000000000000000000000000000000000FFFF163CF249BC21FFFFAB5246B28064FFFFC30038CECBE6000100000000000000000001FFC000000000000000000000000000000000000000000040000000000020000000000000000000000000000000000000000000000000000000000000,
0000000000001D300000000000000000000000000000000000000000000000000000335278A8EC230000F8B4B2D6FC920000205D357B069E000100000000000000000001FFC000000000000000000000000000000000000000000040000000000020000000000000000000000000000000000000000000000000000000000000,
0000000000001D38000000000000000000000000000000000000000000000000FFFF1BC20B859208000071D9325A5854000015E961C46FCB000100000000000000000001FFC000000000000000000000000000000000000000000040000000000020000000000000000000000000000000000000000000000000000000000000,
0000000000001D40000000000000000000000000000000000000000000000000FFFFAF5AC20B398C000093312A9C16E00000C14E1187D476000100000000000000000001FFC000000000000000000000000000000000000000000040000000000020000000000000000000000000000000000000000000000000000000000000,
0000000000001D48000000000000000000000000000000000000000000000000FFFF62940958340F00008C1C42FF8297FFFF6EA92C10F239000100000000000000000001FFC000000000000000000000000000000000000000000040000000000020000000000000000000000000000000000000000000000000000000000000,
0000000000001D50000000000000000000000000000000000000000000000000FFFF655AAF33E5C100003E35E7B5704FFFFF3DB47D3E3DDA000100000000000000000001FFC000000000000000000000000000000000000000000040000000000020000000000000000000000000000000000000000000000000000000000000,
0000000000001D5800000000000000000000000000000000000000000000000000002FB9DB3CE26EFFFF8484FD4176D9FFFF24E2E7BC5056000100000000000000000001FFC000000000000000000000000000000000000000000040000000000020000000000000000000000000000000000000000000000000000000000000,
0000000000001D60000000000000000000000000000000000000000000000000000007A35630FCA300007BF419073D8B0000DFDC18B4FA3C000100000000000000000001FFC000000000000000000000000000000000000000000040000000000020000000000000000000000000000000000000000000000000000000000000,
0000000000001D680000000000000000000000000000000000000000000000000000AC66FAB539DBFFFF4A3CEBDB101CFFFFCB4FDF174759000100000000000000000001FFC000000000000000000000000000000000000000000040000000000020000000000000000000000000000000000000000000000000000000000000,
0000000000001D70000000000000000000000000000000000000000000000000000015AFE9F0DEDDFFFF9663791F0411FFFF17CF870E56D0000100000000000000000001FFC000000000000000000000000000000000000000000040000000000020000000000000000000000000000000000000000000000000000000000000,
0000000000001D780000000000000000000000000000000000000000000000000000373235F350ABFFFF185E12178F83FFFFA2005585F28B000100000000000000000001FFC000000000000000000000000000000000000000000040000000000020000000000000000000000000000000000000000000000000000000000000,
0000000000001D80000000000000000000000000000000000000000000000000FFFF0F216BDE1F8B000053DEFEA6C239FFFFEA029B24EB0C000100000000000000000001FFC000000000000000000000000000000000000000000040000000000020000000000000000000000000000000000000000000000000000000000000,
0000000000001D8800000000000000000000000000000000000000000000000000006595939809060000AB77F25114800000A0ABC72AF9DA000100000000000000000001FFC000000000000000000000000000000000000000000040000000000020000000000000000000000000000000000000000000000000000000000000,
0000000000001D90000000000000000000000000000000000000000000000000FFFF28BA608A09BCFFFF781E195A6A7200001B047DD2BF8B000100000000000000000001FFC000000000000000000000000000000000000000000040000000000020000000000000000000000000000000000000000000000000000000000000,
0000000000001D9800000000000000000000000000000000000000000000000000003A6CAFC63670FFFFF3D3627618F6FFFF070DB269B8E6000100000000000000000001FFC000000000000000000000000000000000000000000040000000000020000000000000000000000000000000000000000000000000000000000000,
0000000000001DA00000000000000000000000000000000000000000000000000000291E43380E7DFFFF6A53B0338556FFFF346C7FFA94E0000100000000000000000001FFC000000000000000000000000000000000000000000040000000000020000000000000000000000000000000000000000000000000000000000000,
0000000000001DA80000000000000000000000000000000000000000000000000000E0E86C3A662B0000385FAC8B2179FFFF937D6AFBFA93000100000000000000000001FFC000000000000000000000000000000000000000000040000000000020000000000000000000000000000000000000000000000000000000000000,
0000000000001DB0000000000000000000000000000000000000000000000000000016B74148F78C0000DF964CB08C9800007A978C9FCFA3000100000000000000000001FFC000000000000000000000000000000000000000000040000000000020000000000000000000000000000000000000000000000000000000000000,
0000000000001DB8000000000000000000000000000000000000000000000000000025629A7F63370000FB627400509200001EBA145AE693000100000000000000000001FFC000000000000000000000000000000000000000000040000000000020000000000000000000000000000000000000000000000000000000000000,
0000000000001DC0000000000000000000000000000000000000000000000000000094A3253054310000A7FD2B264E6D00007B6154AAD96B000100000000000000000001FFC000000000000000000000000000000000000000000040000000000020000000000000000000000000000000000000000000000000000000000000,
0000000000001DC800000000000000000000000000000000000000000000000000004DA3CD5A2CDC0000609276A9642E0000E0035BE61FD8000100000000000000000001FFC000000000000000000000000000000000000000000040000000000020000000000000000000000000000000000000000000000000000000000000,
0000000000001DD0000000000000000000000000000000000000000000000000FFFF3A4DF5F1A53D000006A0B5AD8DDBFFFF5D7E2B1956FC000100000000000000000001FFC000000000000000000000000000000000000000000040000000000020000000000000000000000000000000000000000000000000000000000000,
0000000000001DD800000000000000000000000000000000000000000000000000004A3F8670F08B0000161595667D43FFFF0C0043AA1CAE000100000000000000000001FFC000000000000000000000000000000000000000000040000000000020000000000000000000000000000000000000000000000000000000000000,
0000000000001DE00000000000000000000000000000000000000000000000000000C29B25AAAB730000A372C0D350C000001ECEF1873C5A000100000000000000000001FFC000000000000000000000000000000000000000000040000000000020000000000000000000000000000000000000000000000000000000000000,
0000000000001DE8000000000000000000000000000000000000000000000000FFFF0A1B8D2CC2FD00003F472596671AFFFFDF4E8BB3E92D000100000000000000000001FFC000000000000000000000000000000000000000000040000000000020000000000000000000000000000000000000000000000000000000000000,
0000000000001DF00000000000000000000000000000000000000000000000000000754CCA7DC07F00009CC7B1F292AC0000A4EA108FB99D000100000000000000000001FFC000000000000000000000000000000000000000000040000000000020000000000000000000000000000000000000000000000000000000000000,
0000000000001DF8000000000000000000000000000000000000000000000000FFFF0098819D6AE5FFFFF6496E0253BBFFFFF17F73909DBD000100000000000000000001FFC000000000000000000000000000000000000000000040000000000020000000000000000000000000000000000000000000000000000000000000,
0000000000001E000000000000000000000000000000000000000000000000000000318AB5EF8ABC0000FACCBF757CEDFFFFF28B38DE66C5000100000000000000000001FFC000000000000000000000000000000000000000000040000000000020000000000000000000000000000000000000000000000000000000000000,
0000000000001E08000000000000000000000000000000000000000000000000FFFFCD1389AFC0080000CFC9839AC8DA00008C989C493AF2000100000000000000000001FFC000000000000000000000000000000000000000000040000000000020000000000000000000000000000000000000000000000000000000000000,
0000000000001E10000000000000000000000000000000000000000000000000FFFF065A9623BDA20000387934971756000004DA532976F0000100000000000000000001FFC000000000000000000000000000000000000000000040000000000020000000000000000000000000000000000000000000000000000000000000,
0000000000001E180000000000000000000000000000000000000000000000000000DC5C8C85C5F6000064B9721744E6000052A6FABEFE3E000100000000000000000001FFC000000000000000000000000000000000000000000040000000000020000000000000000000000000000000000000000000000000000000000000,
0000000000001E20000000000000000000000000000000000000000000000000000005D010806A28FFFFAD02AAD19319FFFF0DE50FC96066000100000000000000000001FFC000000000000000000000000000000000000000000040000000000020000000000000000000000000000000000000000000000000000000000000,
0000000000001E2800000000000000000000000000000000000000000000000000006FCB8AE914BC0000DF8B7D55FBF0FFFFC8A1F4D8952D000100000000000000000001FFC000000000000000000000000000000000000000000040000000000020000000000000000000000000000000000000000000000000000000000000,
0000000000001E300000000000000000000000000000000000000000000000000000EE791B3AF9B9FFFFC43B2880DB27FFFFB8A036E433AF000100000000000000000001FFC000000000000000000000000000000000000000000040000000000020000000000000000000000000000000000000000000000000000000000000,
0000000000001E380000000000000000000000000000000000000000000000000000C6E4EFD21E0900006C9B45B82385FFFF88E9C24E1AA8000100000000000000000001FFC000000000000000000000000000000000000000000040000000000020000000000000000000000000000000000000000000000000000000000000,
0000000000001E4000000000000000000000000000000000000000000000000000009034CB61922AFFFF4AA08F2A2F07FFFF932AEF986E31000100000000000000000001FFC000000000000000000000000000000000000000000040000000000020000000000000000000000000000000000000000000000000000000000000,
0000000000001E4800000000000000000000000000000000000000000000000000008581813BFE50FFFF34240575A788FFFFB18E28AD62C9000100000000000000000001FFC000000000000000000000000000000000000000000040000000000020000000000000000000000000000000000000000000000000000000000000,
0000000000001E500000000000000000000000000000000000000000000000000000B2A19E3A7736FFFFA91A7071F1640000A17AE5783304000100000000000000000001FFC000000000000000000000000000000000000000000040000000000020000000000000000000000000000000000000000000000000000000000000,
0000000000001E5800000000000000000000000000000000000000000000000000006ABB403F16F20000E5EB01F4840AFFFFDC31837BC4DC000100000000000000000001FFC000000000000000000000000000000000000000000040000000000020000000000000000000000000000000000000000000000000000000000000,
0000000000001E60000000000000000000000000000000000000000000000000FFFF5F984565B00E0000BD7CABDC1AC600003E74F12D7A76000100000000000000000001FFC000000000000000000000000000000000000000000040000000000020000000000000000000000000000000000000000000000000000000000000,
0000000000001E680000000000000000000000000000000000000000000000000000A39B8FAF8DD9FFFF70F5838C63AE0000874E6EEF2614000100000000000000000001FFC000000000000000000000000000000000000000000040000000000020000000000000000000000000000000000000000000000000000000000000,
0000000000001E70000000000000000000000000000000000000000000000000FFFF053508A81760FFFFE9545217309A00002E190174B305000100000000000000000001FFC000000000000000000000000000000000000000000040000000000020000000000000000000000000000000000000000000000000000000000000,
0000000000001E78000000000000000000000000000000000000000000000000FFFF38A99520A85400008B344E8F023F0000502445A94FB1000100000000000000000001FFC000000000000000000000000000000000000000000040000000000020000000000000000000000000000000000000000000000000000000000000,
0000000000001E80000000000000000000000000000000000000000000000000000039F5CFBD85CB0000F5D8C52EEB3C000029AA487F6413000100000000000000000001FFC000000000000000000000000000000000000000000040000000000020000000000000000000000000000000000000000000000000000000000000,
0000000000001E880000000000000000000000000000000000000000000000000000115C9C8E9041FFFFA388467F1186FFFF11EA54AE4684000100000000000000000001FFC000000000000000000000000000000000000000000040000000000020000000000000000000000000000000000000000000000000000000000000,
0000000000001E90000000000000000000000000000000000000000000000000FFFF6462AEDFC44F0000A25094D96CB9FFFF85A1AD8D77D9000100000000000000000001FFC000000000000000000000000000000000000000000040000000000020000000000000000000000000000000000000000000000000000000000000,
0000000000001E980000000000000000000000000000000000000000000000000000BE2221518360FFFF57624023CB9000001EE29B3ACE40000100000000000000000001FFC000000000000000000000000000000000000000000040000000000020000000000000000000000000000000000000000000000000000000000000,
0000000000001EA0000000000000000000000000000000000000000000000000FFFFC28C4CEC9D70FFFFF88B6C13325FFFFF0798D1C09F24000100000000000000000001FFC000000000000000000000000000000000000000000040000000000020000000000000000000000000000000000000000000000000000000000000,
0000000000001EA800000000000000000000000000000000000000000000000000000CB62C5A0B9500002700924E09E90000FCB1261DC7FB000100000000000000000001FFC000000000000000000000000000000000000000000040000000000020000000000000000000000000000000000000000000000000000000000000,
0000000000001EB0000000000000000000000000000000000000000000000000FFFF16B9B28F78FB000065527EB115F200001D33B3CD080E000100000000000000000001FFC000000000000000000000000000000000000000000040000000000020000000000000000000000000000000000000000000000000000000000000,
0000000000001EB80000000000000000000000000000000000000000000000000000B421C3D425D50000AEF9638E2B77000031B9813302A4000100000000000000000001FFC000000000000000000000000000000000000000000040000000000020000000000000000000000000000000000000000000000000000000000000,
0000000000001EC0000000000000000000000000000000000000000000000000FFFFF40A3F48886DFFFF62E8FCFDE7CDFFFF3637F76D592F000100000000000000000001FFC000000000000000000000000000000000000000000040000000000020000000000000000000000000000000000000000000000000000000000000,
0000000000001EC8000000000000000000000000000000000000000000000000FFFF7B48F1DD83E6FFFFD1DAA91AF15E0000D5FE5E6947A8000100000000000000000001FFC000000000000000000000000000000000000000000040000000000020000000000000000000000000000000000000000000000000000000000000,
0000000000001ED0000000000000000000000000000000000000000000000000FFFF65BBE84B090CFFFFB87076E97EB20000BF5B1B171B77000100000000000000000001FFC000000000000000000000000000000000000000000040000000000020000000000000000000000000000000000000000000000000000000000000,
0000000000001ED8000000000000000000000000000000000000000000000000FFFF2180668A6E44000027918BE2C9EC00007845048CF71B000100000000000000000001FFC000000000000000000000000000000000000000000040000000000020000000000000000000000000000000000000000000000000000000000000,
0000000000001EE000000000000000000000000000000000000000000000000000003BF82A7D9CAB0000319C922FCF3B0000F3E1C1562444000100000000000000000001FFC000000000000000000000000000000000000000000040000000000020000000000000000000000000000000000000000000000000000000000000,
0000000000001EE80000000000000000000000000000000000000000000000000000245215438D99000091DFC4DFF4C10000CF36BB98FC77000100000000000000000001FFC000000000000000000000000000000000000000000040000000000020000000000000000000000000000000000000000000000000000000000000,
0000000000001EF00000000000000000000000000000000000000000000000000000F448C1D8EEA200004A7C4A6AB287FFFFEE4DECB38563000100000000000000000001FFC000000000000000000000000000000000000000000040000000000020000000000000000000000000000000000000000000000000000000000000,
0000000000001EF8000000000000000000000000000000000000000000000000FFFF7F11E5CC8EBAFFFF47EAE628A55600007A955A91442E000100000000000000000001FFC000000000000000000000000000000000000000000040000000000020000000000000000000000000000000000000000000000000000000000000,
0000000000001F0000000000000000000000000000000000000000000000000000007138816B28F1FFFF65F61C16C0C30000AA4315EA9DB9000100000000000000000001FFC000000000000000000000000000000000000000000040000000000020000000000000000000000000000000000000000000000000000000000000,
0000000000001F08000000000000000000000000000000000000000000000000FFFF449D8C88424BFFFF5CC7D0A37BB8FFFFC27FA2BFFD04000100000000000000000001FFC000000000000000000000000000000000000000000040000000000020000000000000000000000000000000000000000000000000000000000000,
0000000000001F10000000000000000000000000000000000000000000000000FFFFA4AAD40404D3FFFF23138BFC2F4FFFFFA46B4344A81B000100000000000000000001FFC000000000000000000000000000000000000000000040000000000020000000000000000000000000000000000000000000000000000000000000,
0000000000001F18000000000000000000000000000000000000000000000000FFFF6B2582C56E97FFFFA879930AC8D2FFFF43020814823D000100000000000000000001FFC000000000000000000000000000000000000000000040000000000020000000000000000000000000000000000000000000000000000000000000,
0000000000001F20000000000000000000000000000000000000000000000000FFFF7A0BC5D028A20000D3C5925656CE00003464A59554B2000100000000000000000001FFC000000000000000000000000000000000000000000040000000000020000000000000000000000000000000000000000000000000000000000000,
0000000000001F28000000000000000000000000000000000000000000000000000006E626855BD6FFFFE6D10BCBAE230000FEAA35520549000100000000000000000001FFC000000000000000000000000000000000000000000040000000000020000000000000000000000000000000000000000000000000000000000000,
0000000000001F3000000000000000000000000000000000000000000000000000001AF92006AF9C0000EBA2FA3A647A0000605A456CC6BB000100000000000000000001FFC000000000000000000000000000000000000000000040000000000020000000000000000000000000000000000000000000000000000000000000,
0000000000001F38000000000000000000000000000000000000000000000000FFFFCC935E08969700000CC124BB296B0000FA7511C017DC000100000000000000000001FFC000000000000000000000000000000000000000000040000000000020000000000000000000000000000000000000000000000000000000000000;
